Date,Name,Year,Letterboxd URI,Rating,Rewatch,Tags,Watched Date
2017-02-27,Under the Skin,2013,https://boxd.it/eRczz,3.5,,,2015-01-03
2017-02-27,A Most Violent Year,2014,https://boxd.it/eRczp,4,,cinema,2015-01-14
2017-02-27,The Purge: Anarchy,2014,https://boxd.it/eRczf,2.5,,,2015-01-17
2017-02-27,The Tale of the Princess Kaguya,2013,https://boxd.it/eRcz5,4,,animation,2015-01-18
2017-02-27,Whiplash,2014,https://boxd.it/eRcyV,3.5,,cinema,2015-01-19
2017-02-27,Gone Girl,2014,https://boxd.it/eRcyL,3.5,,,2015-01-24
2017-02-27,Wild,2014,https://boxd.it/eRcyB,3.5,,cinema,2015-01-30
2017-02-27,The Imitation Game,2014,https://boxd.it/eRcyh,3,,cinema,2015-01-31
2017-02-27,Jodorowsky's Dune,2013,https://boxd.it/eRcy7,4.5,,,2015-02-01
2017-02-27,Nightcrawler,2014,https://boxd.it/eRcxX,4,,,2015-02-07
2017-02-27,Noah,2014,https://boxd.it/eRcxN,2.5,,,2015-02-15
2017-02-27,American Sniper,2014,https://boxd.it/eRcxD,3.5,,cinema,2015-02-20
2017-02-27,Ida,2013,https://boxd.it/eRcxt,4.5,,,2015-02-21
2017-02-27,John Wick,2014,https://boxd.it/eRcxj,2.5,,,2015-02-22
2017-02-27,Whiplash,2014,https://boxd.it/eRcwZ,4,Yes,cinema,2015-02-28
2017-02-27,Leviathan,2014,https://boxd.it/eRcx9,5,,,2015-02-28
2017-02-27,Upstream Color,2013,https://boxd.it/eRcwP,3,,,2015-03-07
2017-02-27,Birdman or (The Unexpected Virtue of Ignorance),2014,https://boxd.it/eRcwF,4,,cinema,2015-03-13
2017-02-27,Citizenfour,2014,https://boxd.it/eRcwv,4.5,,female-director,2015-04-06
2017-02-27,The Help,2011,https://boxd.it/eRcwl,4,,,2015-04-12
2017-02-27,Snowpiercer,2013,https://boxd.it/eRcwb,2,,,2015-04-13
2017-02-27,Big Hero 6,2014,https://boxd.it/eRcw1,3,,,2015-04-18
2017-02-27,Blue Ruin,2013,https://boxd.it/eRcvR,4,,,2015-04-19
2017-02-27,Memento,2000,https://boxd.it/eRcvH,4.5,,,2015-04-20
2017-02-27,Big Eyes,2014,https://boxd.it/eRcvx,3,,,2015-04-22
2017-02-27,Source Code,2011,https://boxd.it/eRcvn,2.5,,,2015-04-24
2017-02-27,The Avengers,2012,https://boxd.it/eRcvd,4.5,Yes,,2015-04-25
2017-02-27,Wild Tales,2014,https://boxd.it/eRcv3,4,,,2015-05-01
2017-02-27,"Two Days, One Night",2014,https://boxd.it/eRcuT,3.5,,,2015-05-09
2017-02-27,Paradise Now,2005,https://boxd.it/eRcuJ,4,,,2015-05-10
2017-02-27,Mad Max: Fury Road,2015,https://boxd.it/eRcu5,4.5,,cinema,2015-05-14
2017-02-27,Mad Max 2,1981,https://boxd.it/eRcup,4,,,2015-05-14
2017-02-27,Mad Max,1979,https://boxd.it/eRcuz,3,,,2015-05-14
2017-02-27,Moscow Does Not Believe in Tears,1980,https://boxd.it/eRctV,1.5,,,2015-05-17
2017-02-27,Mad Max: Fury Road,2015,https://boxd.it/eRctL,4.5,Yes,cinema,2015-06-04
2017-02-27,Ex Machina,2015,https://boxd.it/eRctB,3.5,,,2015-06-07
2017-02-27,About Time,2013,https://boxd.it/eRctr,3.5,,,2015-06-09
2017-02-27,Before Sunrise,1995,https://boxd.it/eRct7,3.5,,,2015-06-10
2017-02-27,A Most Wanted Man,2014,https://boxd.it/eRcth,3,,,2015-06-10
2017-02-27,The Visitor,2007,https://boxd.it/eRcsX,3,,,2015-06-19
2017-02-27,Edge of Tomorrow,2014,https://boxd.it/eRcsN,3.5,,"travel, hotel",2015-06-27
2017-02-27,Jurassic World,2015,https://boxd.it/eRcsD,3,,"cinema, travel",2015-06-29
2017-02-27,Divergent,2014,https://boxd.it/eRcst,1.5,,,2015-07-02
2017-02-27,Fort Bliss,2014,https://boxd.it/eRcsj,4,,female-director,2015-07-04
2017-02-27,Oblivion,2013,https://boxd.it/eRcs9,1.5,,,2015-07-08
2017-02-27,Mommy,2014,https://boxd.it/eRcrZ,5,,cried,2015-07-09
2017-02-27,Sin City: A Dame to Kill For,2014,https://boxd.it/eRcrP,2.5,,,2015-07-10
2017-02-27,Alien,1979,https://boxd.it/eRcrl,4,,,2015-07-11
2017-02-27,Selma,2014,https://boxd.it/eRcrv,3,,female-director,2015-07-11
2017-02-27,Hercules,2014,https://boxd.it/eRcrF,1.5,,,2015-07-11
2017-02-27,Waltz with Bashir,2008,https://boxd.it/eRcrb,4,,animation,2015-07-12
2017-02-27,Aliens,1986,https://boxd.it/eRcr1,4,,,2015-07-13
2017-02-27,Alien³,1992,https://boxd.it/eRcqH,1.5,,,2015-07-14
2017-02-27,Love & Mercy,2014,https://boxd.it/eRcqx,4.5,,cinema,2015-07-18
2017-02-27,28 Days Later,2002,https://boxd.it/eRcqn,3.5,,"travel, train",2015-07-31
2017-02-27,The Big Lebowski,1998,https://boxd.it/eRcqd,4,,"travel, train",2015-08-09
2017-02-27,Inside Llewyn Davis,2013,https://boxd.it/eRcq3,4,,,2015-08-22
2017-02-27,Trainspotting,1996,https://boxd.it/eRcpz,3,,,2015-09-13
2017-02-27,Inherent Vice,2014,https://boxd.it/eRcpp,3,,,2015-09-26
2017-02-27,Ant-Man,2015,https://boxd.it/eRcpf,2.5,,"travel, plane",2015-10-09
2017-02-27,The Martian,2015,https://boxd.it/eRcp5,3.5,,cinema,2015-10-10
2017-02-27,Avengers: Age of Ultron,2015,https://boxd.it/eRcoV,3,,,2015-11-10
2017-02-27,Inside Out,2015,https://boxd.it/eRcoL,4.5,,"animation, cried",2015-12-03
2017-02-27,Charlie Wilson's War,2007,https://boxd.it/eRcoB,3,,,2015-12-06
2017-02-27,Sunshine,2007,https://boxd.it/eRcor,4,,,2015-12-11
2017-02-27,Secret in Their Eyes,2015,https://boxd.it/eRcoh,2,,cinema,2015-12-13
2017-02-27,Star Wars: The Force Awakens,2015,https://boxd.it/eRco7,3.5,,cinema,2015-12-21
2017-02-27,The Second Mother,2015,https://boxd.it/eRcnN,3,,female-director,2015-12-27
2017-02-27,Sicario,2015,https://boxd.it/eRcnX,3,,,2015-12-27
2017-02-27,The Hateful Eight,2015,https://boxd.it/eRcnD,3.5,,cinema,2016-01-01
2017-02-27,Mission: Impossible - Rogue Nation,2015,https://boxd.it/eRcnt,3.5,,"travel, plane",2016-01-06
2017-02-27,The Assassin,2015,https://boxd.it/eRcnj,3,,,2016-01-08
2017-02-27,Beasts of No Nation,2015,https://boxd.it/eRcn9,3.5,,netflix,2016-01-23
2017-02-27,Carol,2015,https://boxd.it/eRcmZ,4.5,,cinema,2016-01-25
2017-02-27,Spotlight,2015,https://boxd.it/eRcmP,3.5,,cinema,2016-01-29
2017-02-27,Anomalisa,2015,https://boxd.it/eRcmF,2.5,,"cinema, animation",2016-02-05
2017-02-27,Song of the Sea,2014,https://boxd.it/eRcmv,3,,animation,2016-02-06
2017-02-27,Phoenix,2014,https://boxd.it/eRcml,4,,,2016-02-07
2017-02-27,45 Years,2015,https://boxd.it/eRcmb,3,,cinema,2016-02-11
2017-02-27,The Adjustment Bureau,2011,https://boxd.it/eRclR,3.5,,,2016-02-14
2017-02-27,World of Tomorrow,2015,https://boxd.it/eRcm1,3,,animation,2016-02-14
2017-02-27,The Big Short,2015,https://boxd.it/eRclH,4,,,2016-02-26
2017-02-27,Room,2015,https://boxd.it/eRckz,4,,,2016-02-27
2017-02-27,The Revenant,2015,https://boxd.it/eRckJ,3,,cinema,2016-02-27
2017-03-26,Knight of Cups,2015,https://boxd.it/fRaO7,2,,,2016-03-13
2017-02-27,Bridge of Spies,2015,https://boxd.it/eRckp,3.5,,,2016-03-20
2017-02-27,Batman v Superman: Dawn of Justice,2016,https://boxd.it/eRckf,1.5,,"cinema, travel",2016-03-25
2017-02-27,Chronicle,2012,https://boxd.it/eRck5,4,,"travel, friend's",2016-03-27
2017-02-27,Maleficent,2014,https://boxd.it/eRcjV,3,,,2016-04-03
2017-02-27,The Lobster,2015,https://boxd.it/eRcjL,2.5,,,2016-04-09
2017-02-27,28 Weeks Later,2007,https://boxd.it/eRcjB,2.5,,,2016-04-22
2017-02-27,Deadpool,2016,https://boxd.it/eRcjr,4,,,2016-04-29
2017-02-27,Concussion,2015,https://boxd.it/eRcjh,2.5,,,2016-05-15
2017-02-27,10 Cloverfield Lane,2016,https://boxd.it/eRcj7,4,,,2016-05-21
2017-02-27,The Battered Bastards of Baseball,2014,https://boxd.it/eRciX,4,,,2016-05-22
2017-02-27,Zootopia,2016,https://boxd.it/eRciN,3.5,,animation,2016-06-01
2017-02-27,A Serious Man,2009,https://boxd.it/eRciD,3.5,,,2016-06-12
2017-02-27,Children of Men,2006,https://boxd.it/eRcit,4,,"travel, samantha's",2016-07-18
2017-02-27,Finding Dory,2016,https://boxd.it/eRcij,3.5,,"cinema, travel, animation",2016-07-20
2017-02-27,Trumbo,2015,https://boxd.it/eRchZ,4,,"travel, hotel",2016-07-23
2017-02-27,All the President's Men,1976,https://boxd.it/eRci9,3.5,,"travel, hotel",2016-07-23
2017-02-27,Captain America: Civil War,2016,https://boxd.it/eRchP,3.5,,"travel, plane",2016-08-06
2017-02-27,Hell or High Water,2016,https://boxd.it/eRchF,4,,cinema,2016-09-18
2017-04-05,Close Encounters of the Third Kind,1977,https://boxd.it/ga70L,3,,,2016-09-18
2017-02-27,Chi-Raq,2015,https://boxd.it/eRchv,4.5,,,2016-09-24
2017-02-27,Aquarius,2016,https://boxd.it/eRchl,3,,cinema,2016-09-28
2017-02-27,X-Men: Apocalypse,2016,https://boxd.it/eRchb,1.5,,,2016-10-03
2017-02-27,The Normal Heart,2014,https://boxd.it/eRch1,4.5,,"travel, ferry",2016-10-09
2017-02-27,The Man Who Knew Infinity,2015,https://boxd.it/eRcgR,3,,,2016-10-15
2017-02-27,Rashomon,1950,https://boxd.it/eRcgx,3.5,,,2016-10-22
2017-02-27,Star Trek Beyond,2016,https://boxd.it/eRcgd,2.5,,,2016-11-01
2017-02-27,Star Trek Into Darkness,2013,https://boxd.it/eRcgn,3.5,,,2016-11-01
2017-02-27,Swiss Army Man,2016,https://boxd.it/eRcg3,3.5,,,2016-11-02
2017-02-27,The Handmaiden,2016,https://boxd.it/eRcfT,4.5,,,2016-11-03
2017-02-27,Captain Fantastic,2016,https://boxd.it/eRcfJ,3.5,,cinema,2016-11-04
2017-02-27,Kubo and the Two Strings,2016,https://boxd.it/eRcfz,4,,animation,2016-11-12
2017-02-27,Coraline,2009,https://boxd.it/eRcfp,4,,animation,2016-11-16
2017-02-27,Lo and Behold: Reveries of the Connected World,2016,https://boxd.it/eRcf5,3.5,,,2016-11-19
2017-02-27,Fantastic Beasts and Where to Find Them,2016,https://boxd.it/eRcff,2.5,,cinema,2016-11-19
2017-02-27,Blue Is the Warmest Color,2013,https://boxd.it/eRceL,4.5,,cried,2016-11-20
2017-02-27,The Boy and the Beast,2015,https://boxd.it/eRceV,4,,animation,2016-11-20
2017-02-27,Ghost in the Shell,1995,https://boxd.it/eRceB,3.5,,animation,2016-11-26
2017-02-27,"I, Daniel Blake",2016,https://boxd.it/eRcer,3.5,,cinema,2016-11-29
2017-02-27,Suicide Squad,2016,https://boxd.it/eRceh,1.5,,,2016-12-02
2017-02-27,Spectre,2015,https://boxd.it/eRcdX,2.5,,"travel, plane",2016-12-09
2017-02-27,Morgan,2016,https://boxd.it/eRce7,3,,"travel, plane",2016-12-09
2017-02-27,Arrival,2016,https://boxd.it/eRcdN,3.5,,"cinema, travel",2016-12-13
2017-02-27,Enemy,2013,https://boxd.it/eRcdD,2.5,,"travel, hotel",2016-12-21
2017-02-27,The Thin Red Line,1998,https://boxd.it/eRcd9,3,,"travel, samantha's",2017-01-01
2017-02-27,Dr. Strangelove or: How I Learned to Stop Worrying and Love the Bomb,1964,https://boxd.it/eRcdj,4.5,Yes,"travel, samantha's",2017-01-01
2017-02-27,"Good Morning, Vietnam",1987,https://boxd.it/eRcdt,3,,"travel, samantha's",2017-01-01
2017-02-27,He Never Died,2015,https://boxd.it/eRccZ,3.5,,,2017-01-06
2017-02-27,Rogue One: A Star Wars Story,2016,https://boxd.it/eRccP,3,,cinema,2017-01-08
2017-02-27,Manchester by the Sea,2016,https://boxd.it/eRccF,4.5,,"cinema, cried",2017-01-09
2017-02-27,Paterson,2016,https://boxd.it/eRccb,3.5,,cinema,2017-01-10
2017-02-27,Nocturnal Animals,2016,https://boxd.it/eRcc1,4,,cinema,2017-01-15
2017-02-27,The Birth of a Nation,2016,https://boxd.it/eRcbH,3.5,,cinema,2017-01-17
2017-02-27,The Fits,2015,https://boxd.it/eRcbR,3,,"cinema, female-director",2017-01-17
2017-02-27,A Monster Calls,2016,https://boxd.it/eRcbx,3,,cinema,2017-01-21
2017-02-27,Whiplash,2014,https://boxd.it/eRcbd,4,Yes,,2017-01-27
2017-02-27,La La Land,2016,https://boxd.it/eRcbn,2.5,,cinema,2017-01-27
2017-02-27,Train to Busan,2016,https://boxd.it/eRcb3,3.5,,,2017-01-28
2017-02-27,Sully,2016,https://boxd.it/eRcaT,3,,,2017-01-29
2017-02-27,Manchester by the Sea,2016,https://boxd.it/eRcaJ,5,Yes,"cinema, cried",2017-01-30
2017-02-27,The Wailing,2016,https://boxd.it/eRcaz,4.5,,,2017-02-01
2017-02-27,Midnight Special,2016,https://boxd.it/eRcaf,2.5,,,2017-02-03
2017-02-27,Moonlight,2016,https://boxd.it/eRcap,4,,cinema,2017-02-03
2017-02-27,Toni Erdmann,2016,https://boxd.it/eRca5,3.5,,,2017-02-04
2017-02-27,Perfect Sense,2011,https://boxd.it/eRc9V,3.5,,,2017-02-12
2017-02-27,Silence,2016,https://boxd.it/eRc9L,2,,cinema,2017-02-13
2017-02-27,To Be or Not to Be,1942,https://boxd.it/eRc9B,4.5,,built-like-a-mathematical-proof,2017-02-16
2017-02-27,Gimme Danger,2016,https://boxd.it/eRc9h,4,,cinema,2017-02-17
2017-02-27,Jackie,2016,https://boxd.it/eRc9r,3,,cinema,2017-02-17
2017-02-27,"Right Now, Wrong Then",2015,https://boxd.it/eRc8X,4,,,2017-02-19
2017-02-27,Doctor Strange,2016,https://boxd.it/eRc97,3,,,2017-02-19
2017-02-27,Moana,2016,https://boxd.it/eRc8N,2.5,,animation,2017-02-20
2017-02-27,Hacksaw Ridge,2016,https://boxd.it/eRc8D,3.5,,,2017-02-21
2017-02-27,Loving,2016,https://boxd.it/eRc8t,3.5,,cinema,2017-02-24
2017-02-27,Moonlight,2016,https://boxd.it/eRc8j,4.5,Yes,cinema,2017-02-26
2017-02-28,The Age of Shadows,2016,https://boxd.it/eSYAd,3.5,,,2017-02-26
2017-03-02,A Pigeon Sat on a Branch Reflecting on Existence,2014,https://boxd.it/eZy11,2.5,,,2017-02-27
2017-03-02,The Witch,2015,https://boxd.it/eZy0R,3.5,,,2017-02-28
2017-03-05,Drive,2011,https://boxd.it/f64bJ,2.5,,,2017-03-02
2017-03-06,Green Room,2015,https://boxd.it/f8zFT,3,,,2017-03-04
2017-03-06,The Lord of the Rings: The Fellowship of the Ring,2001,https://boxd.it/f8zG3,4,Yes,,2017-03-04
2017-03-09,Godzilla,2014,https://boxd.it/feZSV,3,,,2017-03-05
2017-03-09,The Red Turtle,2016,https://boxd.it/feZT5,3.5,,animation,2017-03-07
2017-03-11,Mulholland Drive,2001,https://boxd.it/fknLf,4.5,,,2017-03-09
2017-03-13,Clouds of Sils Maria,2014,https://boxd.it/fpul9,3.5,,,2017-03-11
2017-03-13,Moonlight,2016,https://boxd.it/fpulj,5,Yes,"cinema, cried",2017-03-11
2017-03-15,Stoker,2013,https://boxd.it/ftM4X,3,,,2017-03-12
2017-03-15,The Lord of the Rings: The Two Towers,2002,https://boxd.it/ftM57,3.5,Yes,,2017-03-12
2017-03-16,Dawn of the Planet of the Apes,2014,https://boxd.it/fwmID,3,,,2017-03-14
2017-03-19,Neighboring Sounds,2012,https://boxd.it/fCaWZ,4,,,2017-03-17
2017-03-19,The White Helmets,2016,https://boxd.it/fCaX9,3.5,,netflix,2017-03-18
2017-03-20,The Lord of the Rings: The Return of the King,2003,https://boxd.it/fDTX1,3.5,Yes,,2017-03-18
2017-03-21,Ugetsu,1953,https://boxd.it/fGL1T,4,,,2017-03-19
2017-03-21,Little Men,2016,https://boxd.it/fGL23,3.5,,,2017-03-19
2017-03-22,The Girl with All the Gifts,2016,https://boxd.it/fItXp,3,,,2017-03-20
2017-03-26,The Lost City of Z,2016,https://boxd.it/fQpwv,1,,cinema,2017-03-24
2017-03-26,"4 Months, 3 Weeks and 2 Days",2007,https://boxd.it/fQpwF,5,,dinner scene,2017-03-24
2017-03-26,The Nice Guys,2016,https://boxd.it/fRcdn,2,,,2017-03-25
2017-03-27,Seven Samurai,1954,https://boxd.it/fSBhr,4.5,,,2017-03-25
2017-04-01,Tunnel,2016,https://boxd.it/g1Dmh,2.5,,,2017-03-28
2017-04-01,The Grandmaster,2013,https://boxd.it/g1Dmr,4,,,2017-03-30
2017-04-01,Good Will Hunting,1997,https://boxd.it/g24Vj,4,,,2017-03-31
2017-04-02,Requiem for a Dream,2000,https://boxd.it/g4JrD,4,,,2017-04-01
2017-04-09,Split,2016,https://boxd.it/ghger,3,,,2017-04-07
2017-04-09,Dark City,1998,https://boxd.it/giNLZ,2.5,,napped,2017-04-08
2017-04-10,A Touch of Sin,2013,https://boxd.it/gjzvZ,3.5,,,2017-04-09
2017-04-10,"Like Father, Like Son",2013,https://boxd.it/gk66D,4,,cried,2017-04-09
2017-04-11,Summer Wars,2009,https://boxd.it/gm81f,3.5,,animation,2017-04-10
2017-04-14,Le Samouraï,1967,https://boxd.it/grBDx,4,,,2017-04-13
2017-04-16,The Shining,1980,https://boxd.it/gtACx,3.5,,,2017-04-14
2017-04-16,The Garden of Words,2013,https://boxd.it/gtV97,3,,"animation, cried",2017-04-15
2017-04-16,Memories of Murder,2003,https://boxd.it/gvm41,4.5,,,2017-04-15
2017-04-18,Come and See,1985,https://boxd.it/gxKPJ,4,,,2017-04-16
2017-04-24,Get Out,2017,https://boxd.it/gGS2X,3.5,,"cinema, travel",2017-04-22
2017-05-01,Logan,2017,https://boxd.it/gU6Xp,3.5,,"cinema, travel",2017-04-23
2017-05-04,I Don't Feel at Home in This World Anymore,2017,https://boxd.it/gXmJT,3,,netflix,2017-05-02
2017-05-07,A History of Violence,2005,https://boxd.it/h1KQR,4,Yes,,2017-05-04
2017-05-07,Fences,2016,https://boxd.it/h2DSN,3.5,,"friend's, travel",2017-05-06
2017-05-08,Lion,2016,https://boxd.it/h3cph,2.5,,"travel, friend's",2017-05-07
2017-05-26,I Am Not Your Negro,2016,https://boxd.it/hsv9n,4,,"travel, hotel",2017-05-13
2017-05-26,Guardians of the Galaxy Vol. 2,2017,https://boxd.it/hsv9x,3.5,,"cinema, travel",2017-05-14
2017-05-26,The Act of Killing,2012,https://boxd.it/hsv9H,4,,"travel, hotel",2017-05-16
2017-05-26,Incendies,2010,https://boxd.it/hsv9R,4,,,2017-05-18
2017-05-26,Do the Right Thing,1989,https://boxd.it/hsva1,4,,,2017-05-21
2017-05-26,John Wick: Chapter 2,2017,https://boxd.it/hsvab,3.5,,,2017-05-25
2017-07-01,Personal Shopper,2016,https://boxd.it/icpBn,,,,2017-05-27
2017-07-01,Monster,2003,https://boxd.it/icpBx,3.5,,female-director,2017-05-31
2017-07-01,Annie Hall,1977,https://boxd.it/icpBH,4,,"plane, travel",2017-06-09
2017-07-01,High and Low,1963,https://boxd.it/icpC1,4,,"plane, travel",2017-06-10
2017-07-01,Wonder Woman,2017,https://boxd.it/icpCb,2,,"cinema, travel, female-director",2017-06-13
2017-07-01,Kong: Skull Island,2017,https://boxd.it/icpCl,2,,bus,2017-06-23
2017-07-01,Okja,2017,https://boxd.it/icpCv,3,,netflix,2017-06-30
2017-07-21,Spider-Man: Homecoming,2017,https://boxd.it/iGQ4v,2.5,,"cinema, travel",2017-07-06
2017-07-21,Camp X-Ray,2014,https://boxd.it/iGQ4F,2,,"netflix, travel, samantha's",2017-07-17
2017-07-21,Life,2017,https://boxd.it/iGQ4P,1,,"plane, travel",2017-07-18
2017-07-21,Hidden Figures,2016,https://boxd.it/iGQ4Z,3,,"plane, travel",2017-07-18
2017-07-21,Dunkirk,2017,https://boxd.it/iGQ59,3.5,,cinema,2017-07-19
2017-07-26,Colossal,2016,https://boxd.it/iOMHJ,3,,,2017-07-25
2017-07-28,Valerian and the City of a Thousand Planets,2017,https://boxd.it/iRgCD,2.5,,cinema,2017-07-26
2017-07-31,Still Walking,2008,https://boxd.it/iXLzd,4.5,,cried,2017-07-30
2017-08-12,The Founder,2016,https://boxd.it/jgwz1,2.5,,,2017-08-04
2017-08-13,War for the Planet of the Apes,2017,https://boxd.it/jhqBx,2,,"cinema, travel",2017-08-12
2017-08-13,The Dark Tower,2017,https://boxd.it/jhqFT,3,,"cinema, travel",2017-08-12
2017-08-19,Spring Breakers,2012,https://boxd.it/jpjed,3,,,2017-08-13
2017-08-19,Icarus,2017,https://boxd.it/jpjen,3.5,,netflix,2017-08-14
2017-08-19,Trouble in Paradise,1932,https://boxd.it/jpjex,3.5,,,2017-08-14
2017-08-19,Your Name.,2016,https://boxd.it/jpjeH,4.5,,"animation, cried",2017-08-15
2017-08-19,The Man from Nowhere,2010,https://boxd.it/jpjeR,2.5,,,2017-08-15
2017-08-19,The Host,2006,https://boxd.it/jpjf1,3.5,,,2017-08-16
2017-08-19,Alien: Covenant,2017,https://boxd.it/jpJTB,2.5,,,2017-08-18
2017-08-20,The Girl Who Leapt Through Time,2006,https://boxd.it/jrkUX,3,,animation,2017-08-19
2017-08-20,Jack Reacher,2012,https://boxd.it/jrkV7,2.5,,,2017-08-19
2017-08-21,In Another Country,2012,https://boxd.it/jsX4D,3,,,2017-08-20
2017-08-21,Holy Motors,2012,https://boxd.it/jsX4N,4,,,2017-08-20
2017-08-23,The Chaser,2008,https://boxd.it/jvAcl,4,,,2017-08-22
2017-08-24,Shaun of the Dead,2004,https://boxd.it/jxODT,3.5,,,2017-08-23
2017-08-25,Monsters,2010,https://boxd.it/jz5lf,3,,,2017-08-24
2017-08-26,The Beguiled,2017,https://boxd.it/jzWWt,3,,"cinema, dinner scene, female-director",2017-08-25
2017-08-27,Hasan Minhaj: Homecoming King,2017,https://boxd.it/jALvX,3.5,,"netflix, comedy special",2017-08-26
2017-08-27,Street of Shame,1956,https://boxd.it/jBupl,4.5,,,2017-08-26
2017-08-28,Lucy,2014,https://boxd.it/jCpS5,1.5,,,2017-08-27
2017-08-28,Fitzcarraldo,1982,https://boxd.it/jCUD1,4,,napped,2017-08-27
2017-08-30,Dune,1984,https://boxd.it/jFQ0v,2,,,2017-08-29
2017-09-02,Rosemary's Baby,1968,https://boxd.it/jL1rd,4,,,2017-09-01
2017-09-03,The Given Word,1962,https://boxd.it/jMlaD,3.5,,,2017-09-02
2017-09-04,Looper,2012,https://boxd.it/jNMrj,4,,,2017-09-03
2017-09-07,Only Lovers Left Alive,2013,https://boxd.it/jTMBF,3.5,,,2017-09-06
2017-09-08,The Big Sick,2017,https://boxd.it/jUMjj,3,,,2017-09-07
2017-09-09,The Thing,1982,https://boxd.it/jW3BV,4,,,2017-09-08
2017-09-10,A Single Man,2009,https://boxd.it/jXkPn,4,,cried,2017-09-09
2017-09-11,Shin Godzilla,2016,https://boxd.it/jZbB1,2.5,,,2017-09-10
2017-09-11,American Honey,2016,https://boxd.it/jZCib,3.5,,female-director,2017-09-10
2017-09-11,Shame,2011,https://boxd.it/jZXvP,4,,existential dread,2017-09-10
2017-09-12,Blue Jasmine,2013,https://boxd.it/k1dBL,3,,,2017-09-11
2017-09-12,Being John Malkovich,1999,https://boxd.it/k1rpf,2.5,,,2017-09-11
2017-09-13,Gabriel and the Mountain,2017,https://boxd.it/k2QdP,3.5,,cinema,2017-09-12
2017-09-15,Baby Driver,2017,https://boxd.it/k5D8X,4,,,2017-09-14
2017-09-16,Slow West,2015,https://boxd.it/k6B7b,2.5,,,2017-09-15
2017-09-18,It Comes at Night,2017,https://boxd.it/k9GkF,3.5,,,2017-09-15
2017-09-18,A Bittersweet Life,2005,https://boxd.it/k9GkP,3,,,2017-09-16
2017-09-18,Hot Fuzz,2007,https://boxd.it/k9GkZ,4.5,,,2017-09-17
2017-09-18,The Iron Giant,1999,https://boxd.it/k9Gl9,4,,animation,2017-09-17
2017-09-18,Sympathy for Mr. Vengeance,2002,https://boxd.it/kb8TF,3.5,,,2017-09-17
2017-09-19,mother!,2017,https://boxd.it/kcsUP,4,,cinema,2017-09-18
2017-09-22,Deadpool,2016,https://boxd.it/kgUSv,3.5,Yes,"plane, travel",2017-09-21
2017-10-02,Polytechnique,2009,https://boxd.it/kvaEH,3,,"travel, samantha's",2017-09-30
2017-10-03,mother!,2017,https://boxd.it/kxtuP,4,Yes,"cinema, travel",2017-10-02
2017-10-03,It,2017,https://boxd.it/kxMaf,2.5,,"cinema, travel",2017-10-02
2017-10-10,The Assassination of Jesse James by the Coward Robert Ford,2007,https://boxd.it/kJ43D,3,,"plane, travel",2017-10-09
2017-10-13,Blade Runner,1982,https://boxd.it/kNQQV,3.5,Yes,,2017-10-12
2017-10-15,Blade Runner 2049,2017,https://boxd.it/kR1u3,3,,cinema,2017-10-14
2017-10-18,I Saw the Devil,2010,https://boxd.it/kVZxf,2.5,,,2017-10-17
2017-10-22,It Follows,2014,https://boxd.it/l1MXh,3,,,2017-10-21
2017-10-23,Meek's Cutoff,2010,https://boxd.it/l3qi1,3.5,,female-director,2017-10-22
2017-10-23,The Lion King,1994,https://boxd.it/l3qnF,4.5,Yes,animation,2017-10-22
2017-10-23,Funny Games,1997,https://boxd.it/l3qr3,4,,,2017-10-22
2017-10-23,Spirited Away,2001,https://boxd.it/l3Ncb,4.5,Yes,animation,2017-10-22
2017-10-24,Gerald's Game,2017,https://boxd.it/l5mOr,2.5,,netflix,2017-10-23
2017-10-27,The Meyerowitz Stories (New and Selected),2017,https://boxd.it/l99nP,3.5,,netflix,2017-10-26
2017-10-27,Wind River,2017,https://boxd.it/l9qgL,3,,,2017-10-26
2017-10-29,Ratatouille,2007,https://boxd.it/lcFNr,4,,animation,2017-10-28
2017-11-01,Tokyo Tribe,2014,https://boxd.it/lgM9L,3,,,2017-10-30
2017-11-01,Mistress America,2015,https://boxd.it/lhfUr,3.5,,,2017-10-31
2017-11-05,Thor,2011,https://boxd.it/lmR2x,2,,,2017-11-01
2017-11-05,Thor: The Dark World,2013,https://boxd.it/lmR2H,2.5,,,2017-11-01
2017-11-06,On the Beach at Night Alone,2017,https://boxd.it/lpQBn,,,"dinner scene, plane, travel",2017-11-05
2017-11-06,Oldboy,2003,https://boxd.it/lpQV3,5,Yes,"plane, travel",2017-11-05
2017-11-09,Brawl in Cell Block 99,2017,https://boxd.it/luD7f,4,,cinema,2017-11-08
2017-11-13,A Ghost Story,2017,https://boxd.it/lAps1,3,,,2017-11-10
2017-11-13,The Room,2003,https://boxd.it/lAqOn,1,,"youtube, friend's",2017-11-11
2017-11-13,The Florida Project,2017,https://boxd.it/lAqT3,2.5,,cinema,2017-11-12
2017-11-20,Kill Me Please,2015,https://boxd.it/lLxA5,2.5,,female-director,2017-11-18
2017-11-21,Fast Five,2011,https://boxd.it/lNEDp,3.5,,,2017-11-19
2017-11-21,Logan Lucky,2017,https://boxd.it/lNEEx,3.5,,,2017-11-19
2017-11-23,Lady Bird,2017,https://boxd.it/lQz1h,3.5,,"cinema, female-director",2017-11-22
2017-11-24,Jin-Roh: The Wolf Brigade,1999,https://boxd.it/lRwxh,2,,animation,2017-11-23
2017-11-25,American Made,2017,https://boxd.it/lT6r7,2.5,,,2017-11-24
2017-11-25,Fast & Furious 6,2013,https://boxd.it/lTt1r,2.5,,,2017-11-24
2017-11-26,Hunt for the Wilderpeople,2016,https://boxd.it/lUqWL,4,,cried,2017-11-24
2017-11-26,Thor: Ragnarok,2017,https://boxd.it/lVwkv,3,,cinema,2017-11-25
2017-11-26,Dredd,2012,https://boxd.it/lVFeh,3.5,,,2017-11-25
2017-12-03,Mad Max: Fury Road,2015,https://boxd.it/m8riv,4.5,Yes,,2017-12-02
2017-12-04,Magnolia,1999,https://boxd.it/maBUt,4,,,2017-12-03
2017-12-06,"Three Billboards Outside Ebbing, Missouri",2017,https://boxd.it/mddHh,2.5,,cinema,2017-12-04
2017-12-07,The Truth Beneath,2016,https://boxd.it/mfaIP,2.5,,amazon,2017-12-06
2017-12-08,Lady Macbeth,2016,https://boxd.it/mgNrP,3,,,2017-12-07
2017-12-15,Star Wars: The Force Awakens,2015,https://boxd.it/mtacd,3,Yes,,2017-12-13
2017-12-16,Good Time,2017,https://boxd.it/muc8f,3.5,,,2017-12-14
2017-12-16,The Killing of a Sacred Deer,2017,https://boxd.it/mv5if,4.5,,,2017-12-15
2017-12-17,Star Wars: The Last Jedi,2017,https://boxd.it/mwA1B,2.5,,cinema,2017-12-16
2017-12-17,The Square,2017,https://boxd.it/mx9tb,2.5,,cinema,2017-12-16
2017-12-17,Punch-Drunk Love,2002,https://boxd.it/mxol7,3.5,,,2017-12-16
2017-12-18,Bingo: The King of the Mornings,2017,https://boxd.it/mzM7d,3,,"airport, travel",2017-12-17
2017-12-19,Stronger,2017,https://boxd.it/mBtX9,3,,"airport, travel",2017-12-18
2017-12-20,Mudbound,2017,https://boxd.it/mCm1p,2.5,,"netflix, female-director",2017-12-19
2017-12-22,Atomic Blonde,2017,https://boxd.it/mGuFF,2.5,,"travel, samantha's",2017-12-21
2017-12-26,The Club,2015,https://boxd.it/mNZfH,3,,"travel, samantha's",2017-12-24
2017-12-27,Starred Up,2013,https://boxd.it/mPTbD,4,,netflix,2017-12-25
2017-12-28,Princess Mononoke,1997,https://boxd.it/mSYaL,3.5,Yes,"travel, samantha's, animation",2017-12-27
2017-12-28,Entranced Earth,1967,https://boxd.it/mTxHb,1.5,,"travel, samantha's",2017-12-27
2017-12-30,Tangerine,2015,https://boxd.it/mWXN1,3.5,,"travel, samantha's",2017-12-28
2017-12-31,Jiro Dreams of Sushi,2011,https://boxd.it/n1Akl,3,,"travel, samantha's",2017-12-30
2018-01-01,20th Century Women,2016,https://boxd.it/n3lQZ,2,,"travel, samantha's",2017-12-31
2018-01-04,A Quiet Passion,2016,https://boxd.it/nduKV,3.5,,"travel, samantha's",2018-01-02
2018-01-04,Graduation,2016,https://boxd.it/nduN1,,,"travel, samantha's",2018-01-03
2018-01-07,The Incredibles,2004,https://boxd.it/nlg7B,4,Yes,animation,2018-01-06
2018-01-08,Beach Rats,2017,https://boxd.it/noT4d,3,,female-director,2018-01-07
2018-01-08,All Is Lost,2013,https://boxd.it/noT6t,3.5,,,2018-01-07
2018-01-10,Bone Tomahawk,2015,https://boxd.it/nugR3,3.5,,,2018-01-07
2018-01-12,Night of the Living Dead,1968,https://boxd.it/nxInV,4,,cinema,2018-01-10
2018-01-13,Blade of the Immortal,2017,https://boxd.it/nAg0l,2.5,,,2018-01-11
2018-01-14,Battle of the Sexes,2017,https://boxd.it/nDbjD,2,,female-director,2018-01-12
2018-01-14,The Post,2017,https://boxd.it/nDbrd,3,,cinema,2018-01-13
2018-01-15,High-Rise,2015,https://boxd.it/nEEsh,1.5,,,2018-01-13
2018-01-15,Paddington,2014,https://boxd.it/nG0lp,3.5,,,2018-01-14
2018-01-22,Call Me by Your Name,2017,https://boxd.it/nW43B,4.5,,"cinema, cried",2018-01-19
2018-01-22,Paddington 2,2017,https://boxd.it/nWGFj,4,,cinema,2018-01-20
2018-01-24,Drunken Angel,1948,https://boxd.it/o0oJZ,3.5,,,2018-01-22
2018-01-27,Phantom Thread,2017,https://boxd.it/o6Y6V,4.5,,cinema,2018-01-26
2018-01-28,Hanna,2011,https://boxd.it/o8q4l,2,,,2018-01-26
2018-01-28,The Shape of Water,2017,https://boxd.it/o9fQv,3,,cinema,2018-01-27
2018-02-05,Furious 7,2015,https://boxd.it/oq82H,2.5,,,2018-02-02
2018-02-09,The Cloverfield Paradox,2018,https://boxd.it/oztuP,1,,netflix,2018-02-08
2018-02-11,The Fate of the Furious,2017,https://boxd.it/oDzuf,2,,,2018-02-10
2018-02-16,American History X,1998,https://boxd.it/oOqYH,2.5,,,2018-02-11
2018-02-17,Force Majeure,2014,https://boxd.it/oPGbj,3.5,,"dinner scene, dr",2018-02-12
2018-02-19,Coco,2017,https://boxd.it/oWd3p,3.5,,animation,2018-02-16
2018-02-18,Resident Evil: Afterlife,2010,https://boxd.it/oSMzH,1,,,2018-02-17
2018-02-19,Resident Evil: Retribution,2012,https://boxd.it/oWb4F,1.5,,,2018-02-17
2018-02-19,Resident Evil: The Final Chapter,2016,https://boxd.it/oWbSv,2.5,,,2018-02-17
2018-02-27,Professor Marston and the Wonder Women,2017,https://boxd.it/pf0C5,3.5,,"plane, travel, female-director",2018-02-25
2018-03-01,Mr. Nobody,2009,https://boxd.it/pkaH5,3,,,2018-02-27
2018-03-01,Phantom Thread,2017,https://boxd.it/pke3t,4.5,Yes,cinema,2018-02-28
2018-05-20,Black Panther,2018,https://boxd.it/sbwtN,3,,cinema,2018-03-03
2018-05-20,Annihilation,2018,https://boxd.it/sbwKz,2.5,,cinema,2018-03-03
2018-05-20,Reservoir Dogs,1992,https://boxd.it/sbwND,4,,,2018-03-03
2018-05-20,Kill Bill: Vol. 1,2003,https://boxd.it/sbwQn,3.5,Yes,,2018-03-03
2018-05-20,Kill Bill: Vol. 2,2004,https://boxd.it/sbwUT,3,,,2018-03-03
2018-05-20,Up,2009,https://boxd.it/sbx3r,4,Yes,animation,2018-03-10
2018-05-20,Faces Places,2017,https://boxd.it/sbx6F,3.5,,"cinema, female-director",2018-03-10
2018-05-20,Get Out,2017,https://boxd.it/sbxad,3.5,Yes,,2018-03-11
2018-05-20,"I, Tonya",2017,https://boxd.it/sbxfd,3,,,2018-03-19
2018-05-20,Mustang,2015,https://boxd.it/sbxjp,3.5,,female-director,2018-03-21
2018-05-20,Forrest Gump,1994,https://boxd.it/sbxmX,3,Yes,,2018-03-24
2018-05-20,You Were Never Really Here,2017,https://boxd.it/sbxpx,2.5,,"cinema, female-director",2018-03-25
2018-05-20,A Fantastic Woman,2017,https://boxd.it/sbxtJ,3,,cinema,2018-03-30
2018-05-20,Ready Player One,2018,https://boxd.it/sbxxh,2,,cinema,2018-03-31
2018-05-20,Tickling Giants,2016,https://boxd.it/sbxA1,3,,,2018-04-03
2018-05-20,Munich,2005,https://boxd.it/sby4l,3,,,2018-04-06
2018-05-20,Jumanji: Welcome to the Jungle,2017,https://boxd.it/sbyjv,2,,"plane, travel",2018-04-14
2018-05-20,Pete's Dragon,2016,https://boxd.it/sbynR,3,,"plane, travel",2018-04-19
2018-05-20,Audition,1999,https://boxd.it/sbyPL,4.5,,"plane, travel",2018-04-19
2018-05-20,A Quiet Place,2018,https://boxd.it/sbyUh,3,,cinema,2018-04-21
2018-05-20,Isle of Dogs,2018,https://boxd.it/sbyXP,3.5,,"cinema, animation",2018-04-21
2018-05-20,Loveless,2017,https://boxd.it/sbz0J,3.5,,,2018-04-22
2018-05-20,Avengers: Infinity War,2018,https://boxd.it/sbz2F,2,,cinema,2018-04-28
2018-08-18,"Lust, Caution",2007,https://boxd.it/vqS0Z,4,,,2018-04-28
2018-05-20,Bāhubali: The Beginning,2015,https://boxd.it/sbzdt,3.5,,netflix,2018-05-04
2018-05-20,Bāhubali 2: The Conclusion,2017,https://boxd.it/sbzfT,3,,,2018-05-05
2018-05-20,Molly's Game,2017,https://boxd.it/sbzpz,3.5,,,2018-05-06
2018-05-20,Red Sparrow,2018,https://boxd.it/sbzrP,2,,,2018-05-12
2018-05-20,Don't Breathe,2016,https://boxd.it/sbzvH,3.5,,,2018-05-12
2018-05-20,The Double,2013,https://boxd.it/sbzzf,2.5,,,2018-05-13
2018-05-20,Tully,2018,https://boxd.it/sbzCj,3,,cinema,2018-05-18
2018-05-21,Ran,1985,https://boxd.it/seZ9D,4,,mubi,2018-05-19
2018-05-23,Cargo,2017,https://boxd.it/siYq7,0.5,,"netflix, female-director",2018-05-22
2018-05-29,Heat,1995,https://boxd.it/suBMt,3.5,,netflix,2018-05-25
2018-05-29,Scott Pilgrim vs. the World,2010,https://boxd.it/suCQL,2.5,,,2018-05-26
2018-05-29,Sideways,2004,https://boxd.it/suCWf,3,,,2018-05-27
2018-06-03,Speed Racer,2008,https://boxd.it/sGBt1,4,Yes,female-director,2018-06-02
2018-06-04,The Tale,2018,https://boxd.it/sIgRP,3,,female-director,2018-06-02
2018-06-04,Frances Ha,2012,https://boxd.it/sIh2D,2.5,,netflix,2018-06-03
2018-06-10,Hereditary,2018,https://boxd.it/sUjU7,2.5,,cinema,2018-06-08
2018-06-17,Ocean's Eight,2018,https://boxd.it/t97MP,2,,"cinema, travel",2018-06-12
2018-06-21,Bokeh,2017,https://boxd.it/thnu9,2,,"travel, samantha's",2018-06-19
2018-07-06,L.A. Confidential,1997,https://boxd.it/tN9XF,4,,"travel, plane",2018-06-29
2018-07-06,Casino Royale,2006,https://boxd.it/tNa1H,3,,,2018-07-01
2018-07-06,Quantum of Solace,2008,https://boxd.it/tNa3t,2,,,2018-07-02
2018-07-06,Skyfall,2012,https://boxd.it/tNa6R,3.5,Yes,,2018-07-03
2018-07-06,Incredibles 2,2018,https://boxd.it/tNawv,3,,"cinema, animation",2018-07-04
2018-07-06,Jurassic World: Fallen Kingdom,2018,https://boxd.it/tNaAd,2,,cinema,2018-07-04
2018-07-08,Harry Potter and the Prisoner of Azkaban,2004,https://boxd.it/tRoVx,3,Yes,,2018-07-06
2018-07-08,Game Night,2018,https://boxd.it/tS9aD,3.5,,,2018-07-07
2018-07-09,Thoroughbreds,2017,https://boxd.it/tUsph,3,,,2018-07-07
2018-07-09,Psychokinesis,2018,https://boxd.it/tUtfd,1.5,,netflix,2018-07-07
2018-08-12,The Yellow Sea,2010,https://boxd.it/vce6v,3,,,2018-07-08
2018-07-21,Pacific Rim: Uprising,2018,https://boxd.it/ulBrF,1.5,,"travel, plane",2018-07-10
2018-07-21,The 15:17 to Paris,2018,https://boxd.it/ulBvH,1.5,,"travel, plane",2018-07-19
2018-07-21,Mother,2009,https://boxd.it/ulBEz,4,,"travel, plane",2018-07-19
2018-07-25,Leave No Trace,2018,https://boxd.it/uuXPn,3.5,,"cinema, enhanced-by-credits, female-director",2018-07-21
2018-08-07,Tomb Raider,2018,https://boxd.it/v1lER,2,,"travel, plane",2018-08-05
2018-08-09,Mission: Impossible - Fallout,2018,https://boxd.it/v614J,4,,cinema,2018-08-07
2018-08-09,Deadpool 2,2018,https://boxd.it/v72sf,2.5,,,2018-08-08
2018-08-13,Boogie Nights,1997,https://boxd.it/veXwH,3,,,2018-08-11
2018-08-13,The World's End,2013,https://boxd.it/vggIp,2.5,,,2018-08-12
2018-08-13,The Princess Bride,1987,https://boxd.it/vggLD,4,,,2018-08-12
2018-08-13,Brave,2012,https://boxd.it/vgIl9,3,,"female-director, animation",2018-08-12
2018-08-14,Grave of the Fireflies,1988,https://boxd.it/viSHt,5,Yes,"cinema, animation, cried",2018-08-13
2018-08-17,The Game,1997,https://boxd.it/vpwbT,3.5,,,2018-08-15
2018-08-19,Skyscraper,2018,https://boxd.it/vulXR,2.5,,,2018-08-18
2018-08-20,Raw,2016,https://boxd.it/vx3gL,2.5,,female-director,2018-08-18
2018-08-20,Revenge,2017,https://boxd.it/vx4Wj,3.5,,female-director,2018-08-18
2018-08-20,Before Sunset,2004,https://boxd.it/vx58J,4.5,Yes,,2018-08-19
2018-08-22,Before Midnight,2013,https://boxd.it/vCPXt,3,,dr,2018-08-19
2018-08-26,BlacKkKlansman,2018,https://boxd.it/vMXjr,3,,cinema,2018-08-22
2018-08-26,A Bug's Life,1998,https://boxd.it/vMYJP,3.5,Yes,animation,2018-08-24
2018-08-27,Jackie Brown,1997,https://boxd.it/vPo6t,3.5,,,2018-08-25
2018-08-27,Persona,1966,https://boxd.it/vPr3n,4.5,,existential dread,2018-08-25
2018-08-27,Out of Sight,1998,https://boxd.it/vPMoV,2.5,,,2018-08-26
2018-08-28,Harakiri,1962,https://boxd.it/vRsE9,4.5,,,2018-08-26
2018-09-02,Groundhog Day,1993,https://boxd.it/w3oov,3,,netflix,2018-09-01
2018-09-02,Brokeback Mountain,2005,https://boxd.it/w3oJN,4,,cried,2018-09-01
2018-09-04,Predestination,2014,https://boxd.it/w8CAZ,2.5,,,2018-09-01
2018-09-04,Yi Yi,2000,https://boxd.it/w8DNv,3,,,2018-09-02
2018-09-09,A Simple Plan,1998,https://boxd.it/wiMeJ,3,,,2018-09-08
2018-11-30,Araby,2017,https://boxd.it/zqSIX,4,,profile,2018-09-08
2018-12-03,2001: A Space Odyssey,1968,https://boxd.it/zA6kX,5,Yes,cinema,2018-09-10
2018-12-03,Sorry to Bother You,2018,https://boxd.it/zA6Mn,3,,cinema,2018-09-12
2018-12-03,The Wife,2017,https://boxd.it/zA70f,2.5,,cinema,2018-09-17
2018-12-03,Fahrenheit 11/9,2018,https://boxd.it/zA7W9,2.5,,cinema,2018-09-21
2018-12-10,Burning,2018,https://boxd.it/zPZPB,4,,,2018-09-22
2018-12-10,My Neighbor Totoro,1988,https://boxd.it/zQ0a5,4,Yes,"cinema, animation",2018-10-01
2018-12-10,First Reformed,2017,https://boxd.it/zQ2KT,3.5,,,2018-10-06
2018-12-10,Rushmore,1998,https://boxd.it/zQ2Q3,3.5,,,2018-10-07
2018-12-10,First Man,2018,https://boxd.it/zQ3jT,3,,cinema,2018-10-14
2018-12-10,Mandy,2018,https://boxd.it/zQxpn,2.5,,,2018-10-20
2018-12-10,Eighth Grade,2018,https://boxd.it/zQCvP,3,,,2018-10-21
2018-12-10,A Star Is Born,2018,https://boxd.it/zR6ep,3,,cinema,2018-10-27
2018-12-10,To Be or Not to Be,1942,https://boxd.it/zR6jp,4.5,Yes,,2018-10-28
2018-12-10,The Old Man & the Gun,2018,https://boxd.it/zR6p3,3,,cinema,2018-10-29
2018-12-11,Free Solo,2018,https://boxd.it/zSxh3,3.5,,"cinema, female-director",2018-11-03
2018-12-11,Suspiria,2018,https://boxd.it/zSMRF,3.5,,cinema,2018-11-05
2018-12-11,Widows,2018,https://boxd.it/zSYKL,3,,cinema,2018-11-17
2018-12-11,Ralph Breaks the Internet,2018,https://boxd.it/zSYUL,3,,"cinema, travel",2018-11-20
2018-12-11,Sicario: Day of the Soldado,2018,https://boxd.it/zSYYX,2,,,2018-11-24
2018-12-11,The Big Lebowski,1998,https://boxd.it/zSZ1d,4,Yes,,2018-11-24
2018-12-18,The Ballad of Buster Scruggs,2018,https://boxd.it/Acex7,3.5,,netflix,2018-11-24
2018-12-18,Creed,2015,https://boxd.it/AceGD,3.5,,,2018-11-25
2018-12-18,Ant-Man and the Wasp,2018,https://boxd.it/AceNp,3,,,2018-11-25
2018-12-19,Wormwood,2017,https://boxd.it/AeJuR,3.5,,"netflix, travel, bus",2018-11-27
2018-12-20,Outlaw King,2018,https://boxd.it/AfPIx,3.5,,netflix,2018-11-28
2018-12-20,Hell or High Water,2016,https://boxd.it/AfPLB,4,Yes,,2018-11-28
2018-12-20,Venom,2018,https://boxd.it/AfPPX,2,,,2018-11-29
2018-12-20,Aladdin,1992,https://boxd.it/AgLKh,3,,animation,2018-11-29
2018-12-21,Wildlife,2018,https://boxd.it/AiMmf,3.5,,"cinema, dinner scene, dr",2018-11-30
2018-12-22,Lost in Translation,2003,https://boxd.it/AkYhF,3,,female-director,2018-11-30
2018-12-22,Creed II,2018,https://boxd.it/Al9LB,2,,cinema,2018-12-01
2018-12-22,Happy as Lazzaro,2018,https://boxd.it/Alvh9,3,,"netflix, female-director",2018-12-02
2018-12-22,Private Life,2018,https://boxd.it/Am8o9,3.5,,female-director,2018-12-07
2018-12-22,Support the Girls,2018,https://boxd.it/AmyEH,4,,,2018-12-07
2018-12-23,Upgrade,2018,https://boxd.it/AonMp,2.5,,,2018-12-09
2018-12-23,Let the Sunshine In,2017,https://boxd.it/AoFDF,2.5,,female-director,2018-12-09
2018-12-23,Crazy Rich Asians,2018,https://boxd.it/AoQi9,2.5,,"travel, plane",2018-12-11
2018-12-28,Vertigo,1958,https://boxd.it/AH6Eh,5,,"cinema, travel, profile",2018-12-18
2018-12-31,Bird Box,2018,https://boxd.it/AQMhx,1.5,,"netflix, female-director",2018-12-21
2018-12-31,Life of Brian,1979,https://boxd.it/AQMpB,3,,netflix,2018-12-25
2019-01-05,The House That Jack Built,2018,https://boxd.it/BgGbb,3.5,,"travel, plane",2019-01-02
2019-01-06,Spider-Man: Into the Spider-Verse,2018,https://boxd.it/BlAX9,3.5,,"cinema, animation",2019-01-04
2019-01-06,The Mule,2018,https://boxd.it/BmmKR,3,,cinema,2019-01-04
2019-01-06,The Favourite,2018,https://boxd.it/Bno2p,4,,cinema,2019-01-04
2019-01-07,The Night Comes for Us,2018,https://boxd.it/Brgrp,2,,netflix,2019-01-05
2019-01-07,Madeline's Madeline,2018,https://boxd.it/Brhl3,1.5,,"amazon, female-director",2019-01-05
2019-01-07,Raging Bull,1980,https://boxd.it/BsRQX,4,,,2019-01-05
2019-01-08,Under the Silver Lake,2018,https://boxd.it/BuTV5,3,,,2019-01-05
2019-01-09,Lean on Pete,2017,https://boxd.it/ByQPB,3.5,,,2019-01-06
2019-01-09,Roma,2018,https://boxd.it/ByR9r,3,,netflix,2019-01-06
2019-01-09,Sympathy for Lady Vengeance,2005,https://boxd.it/BA9rv,2.5,,,2019-01-06
2019-01-11,Passengers,2016,https://boxd.it/BISvD,3,,,2019-01-09
2019-01-11,Mary Queen of Scots,2018,https://boxd.it/BK3C3,2.5,,"cinema, female-director",2019-01-10
2019-01-13,If Beale Street Could Talk,2018,https://boxd.it/BPILl,3.5,,"cinema, dinner scene, cried",2019-01-11
2019-01-13,Guardians of the Galaxy Vol. 2,2017,https://boxd.it/BQk6v,3,Yes,netflix,2019-01-12
2019-01-14,Attack the Block,2011,https://boxd.it/BVTLX,3,,,2019-01-12
2019-01-14,The Rider,2017,https://boxd.it/BVXQR,3.5,,female-director,2019-01-12
2019-01-14,Unbreakable,2000,https://boxd.it/BWpwl,2.5,Yes,,2019-01-12
2019-01-14,Throne of Blood,1957,https://boxd.it/BWxrt,4,,,2019-01-13
2019-01-18,Three Kings,1999,https://boxd.it/C8Y3d,3.5,,,2019-01-16
2019-01-18,Mission: Impossible - Ghost Protocol,2011,https://boxd.it/CaLqx,3,,,2019-01-17
2019-02-03,Shoplifters,2018,https://boxd.it/D7vj9,4.5,,"cinema, dinner scene, profile",2019-01-18
2019-02-04,Haywire,2011,https://boxd.it/Dangx,3.5,,,2019-01-19
2019-04-08,Only Angels Have Wings,1939,https://boxd.it/GrZeb,4,,,2019-01-21
2019-04-08,Superbad,2007,https://boxd.it/Gs07P,3,,,2019-01-23
2019-04-08,Searching,2018,https://boxd.it/GsEUH,2.5,,,2019-01-25
2019-04-09,Blindspotting,2018,https://boxd.it/GtLuX,3,,,2019-01-26
2019-04-09,Léon: The Professional,1994,https://boxd.it/Gu5uj,3.5,,,2019-01-26
2019-04-09,The Last Race,2018,https://boxd.it/Gvl1T,3.5,,,2019-01-26
2019-04-10,Death Proof,2007,https://boxd.it/GwuZZ,4.5,,,2019-01-27
2019-04-10,Drug War,2012,https://boxd.it/Gy66b,3.5,,,2019-01-28
2019-04-11,Manhattan,1979,https://boxd.it/Gz8BR,4,,,2019-01-29
2019-04-11,Zombieland,2009,https://boxd.it/GA6IN,1.5,,,2019-01-31
2019-04-12,Cold War,2018,https://boxd.it/GBJZ1,3.5,,"cinema, enhanced-by-credits",2019-02-01
2019-04-12,The Driver,1978,https://boxd.it/GBTkn,3,,,2019-02-02
2019-04-12,Inglourious Basterds,2009,https://boxd.it/GCfsj,3,Yes,,2019-02-02
2019-04-12,Django Unchained,2012,https://boxd.it/GCMh9,3.5,Yes,,2019-02-03
2019-04-12,Mirai,2018,https://boxd.it/GDyXx,2.5,,"cinema, animation",2019-02-07
2019-04-13,The Hateful Eight,2015,https://boxd.it/GEFGv,4,Yes,,2019-02-08
2019-04-13,Game Night,2018,https://boxd.it/GFhbl,3.5,Yes,,2019-02-09
2019-04-16,Pulp Fiction,1994,https://boxd.it/GPq0h,4,Yes,,2019-02-09
2019-04-17,"What's Up, Doc?",1972,https://boxd.it/GQfKF,2,,,2019-02-10
2019-04-17,A Private War,2018,https://boxd.it/GQlON,2.5,,,2019-02-10
2019-04-17,"Hail, Caesar!",2016,https://boxd.it/GQXy9,2,,,2019-02-16
2019-04-17,The Disaster Artist,2017,https://boxd.it/GRk1d,3,,,2019-02-16
2019-04-19,A Separation,2011,https://boxd.it/GWesH,4.5,,built-like-a-mathematical-proof,2019-02-16
2019-04-19,Magic Mike,2012,https://boxd.it/GXfZf,2.5,,,2019-02-23
2019-04-20,Burning,2018,https://boxd.it/GYpkN,4,Yes,cinema,2019-02-28
2019-04-22,High Flying Bird,2019,https://boxd.it/H6S3d,2.5,,,2019-03-02
2019-04-22,Magic Mike XXL,2015,https://boxd.it/H7bXJ,3.5,,,2019-03-02
2019-04-23,The Matrix,1999,https://boxd.it/H9tQZ,4.5,Yes,"female-director, netflix",2019-03-03
2019-04-23,Contagion,2011,https://boxd.it/HacA3,3,,,2019-03-04
2019-04-24,Things to Come,2016,https://boxd.it/Hcbzn,3.5,,female-director,2019-03-06
2019-04-25,The Color Purple,1985,https://boxd.it/HehcD,2,,,2019-03-09
2019-05-19,Triple Frontier,2019,https://boxd.it/IoBOV,3,,netflix,2019-03-17
2019-04-25,The Edge of Seventeen,2016,https://boxd.it/HehiB,2.5,,female-director,2019-03-19
2019-05-01,Ghost World,2001,https://boxd.it/HxdxF,4,,,2019-03-21
2019-05-01,Us,2019,https://boxd.it/Hyf9H,2.5,,cinema,2019-03-23
2019-05-01,Bumblebee,2018,https://boxd.it/HyffZ,2,,,2019-03-29
2019-05-01,On the Basis of Sex,2018,https://boxd.it/Hyfl9,2,,"cinema, female-director",2019-03-30
2019-05-01,Monty Python and the Holy Grail,1975,https://boxd.it/HyfoH,2.5,,netflix,2019-04-01
2019-05-02,Margaret,2011,https://boxd.it/HzVlR,4.5,,cried,2019-04-03
2019-05-03,Staying Vertical,2016,https://boxd.it/HCPx9,2.5,,,2019-04-05
2019-05-03,Shazam!,2019,https://boxd.it/HCPBv,3,,cinema,2019-04-06
2019-05-03,The Spy Who Dumped Me,2018,https://boxd.it/HDpuP,3,,female-director,2019-04-06
2019-05-03,Zama,2017,https://boxd.it/HDwZb,2.5,,female-director,2019-04-06
2019-05-03,Climax,2018,https://boxd.it/HEj6f,4,,cinema,2019-04-10
2019-05-04,Dragged Across Concrete,2018,https://boxd.it/HFih9,3.5,,,2019-04-12
2019-05-04,Blood Simple,1984,https://boxd.it/HFTr1,3.5,,criterionchannel,2019-04-13
2019-05-05,Certified Copy,2010,https://boxd.it/HIOSx,3.5,,criterionchannel,2019-04-13
2019-05-06,The Silence of the Lambs,1991,https://boxd.it/HMxrR,2.5,,,2019-04-14
2019-05-11,Cléo from 5 to 7,1962,https://boxd.it/HZSDP,2.5,,"criterionchannel, female-director",2019-04-15
2019-05-12,Everybody Knows,2018,https://boxd.it/I3DI9,3.5,,cinema,2019-04-17
2019-05-12,Chocolat,2000,https://boxd.it/I3DQR,2,,netflix,2019-04-20
2019-05-13,John Wick,2014,https://boxd.it/I75Dx,3.5,Yes,,2019-04-20
2019-05-13,John Wick: Chapter 2,2017,https://boxd.it/I75Hz,3.5,Yes,,2019-04-20
2019-05-13,"Sex, Lies, and Videotape",1989,https://boxd.it/I7dxH,4,,,2019-04-23
2019-05-13,Arctic,2018,https://boxd.it/I7q6J,3,,,2019-04-26
2019-05-14,Avengers: Endgame,2019,https://boxd.it/I9DNF,3,,cinema,2019-04-27
2019-05-16,The Elephant Man,1980,https://boxd.it/IedmN,3.5,,criterionchannel,2019-04-27
2019-05-16,Black Girl,1966,https://boxd.it/IedrN,2.5,,criterionchannel,2019-04-28
2019-05-16,The Royal Tenenbaums,2001,https://boxd.it/Iedvb,3.5,,,2019-04-28
2019-05-18,Stranger Than Paradise,1984,https://boxd.it/IjeNv,3.5,,criterionchannel,2019-04-30
2019-05-18,Uncle Boonmee Who Can Recall His Past Lives,2010,https://boxd.it/IjsJR,2.5,,,2019-05-01
2019-05-18,High Life,2018,https://boxd.it/Ikbu3,2.5,,"cinema, female-director",2019-05-03
2019-05-18,Fighting with My Family,2019,https://boxd.it/IkbXf,2.5,,,2019-05-04
2019-05-18,The Hate U Give,2018,https://boxd.it/Ikc1r,2.5,,,2019-05-05
2019-05-18,Modern Times,1936,https://boxd.it/Ikc59,3,,criterionchannel,2019-05-05
2019-05-24,Glass,2019,https://boxd.it/IDk0J,1.5,,,2019-05-05
2019-06-13,Three Colors: Blue,1993,https://boxd.it/JBkHN,4,,criterionchannel,2019-05-06
2019-06-13,Her Smell,2018,https://boxd.it/JBx29,4,,cinema,2019-05-07
2019-06-13,Chungking Express,1994,https://boxd.it/JD3KJ,4.5,,criterionchannel,2019-05-08
2019-06-15,Wild at Heart,1990,https://boxd.it/JGRDJ,2,,,2019-05-09
2019-06-15,Buffalo '66,1998,https://boxd.it/JGRS5,4,,,2019-05-10
2019-06-15,Fish Tank,2009,https://boxd.it/JGRVX,3,,"criterionchannel, female-director",2019-05-11
2019-06-15,Ikiru,1952,https://boxd.it/JGRYx,3,,criterionchannel,2019-05-11
2019-06-15,Pokémon Detective Pikachu,2019,https://boxd.it/JGS1r,1.5,,cinema,2019-05-12
2019-12-08,Paths of Glory,1957,https://boxd.it/ToXC7,5,,"criterionchannel, courtroom",2019-05-16
2019-12-08,John Wick: Chapter 3 - Parabellum,2019,https://boxd.it/Tp3wz,2.5,,cinema,2019-05-17
2019-12-08,The Great Dictator,1940,https://boxd.it/Tp44V,2.5,,criterionchannel,2019-05-18
2019-12-08,A Simple Favor,2018,https://boxd.it/Tp4jh,3,,,2019-05-18
2019-12-08,Brick,2005,https://boxd.it/Tp4tV,3.5,,netflix,2019-05-18
2019-12-08,Valhalla Rising,2009,https://boxd.it/Tp4FR,2,,amazon,2019-05-19
2019-12-08,Vox Lux,2018,https://boxd.it/Tp8jF,2,,,2019-05-25
2019-12-08,Girl,2018,https://boxd.it/Tp8CH,3,,netflix,2019-05-28
2019-12-08,Booksmart,2019,https://boxd.it/TqhdD,3,,"cinema, female-director",2019-05-30
2019-12-09,Opening Night,1977,https://boxd.it/TsLX1,2,,criterionchannel,2019-05-31
2019-12-09,Constantine,2005,https://boxd.it/TsM9r,3,Yes,,2019-05-31
2019-12-09,The Day He Arrives,2011,https://boxd.it/Ttdph,3,,"criterionchannel, dinner scene",2019-06-02
2019-12-09,Anatomy of a Murder,1959,https://boxd.it/TteUZ,4,,courtroom,2019-06-02
2019-12-09,Badlands,1973,https://boxd.it/Ttfi3,3.5,,youtube,2019-06-02
2019-12-09,Rocketman,2019,https://boxd.it/TtgGv,2.5,,cinema,2019-06-03
2019-12-09,Captain Marvel,2019,https://boxd.it/Ttl0f,1.5,,"plane, travel, female-director",2019-06-08
2019-12-09,Bad Times at the El Royale,2018,https://boxd.it/TtlNr,2,,netflix,2019-06-09
2019-12-09,Toy Story,1995,https://boxd.it/TtwCp,4.5,Yes,animation,2019-06-09
2019-12-09,Toy Story 2,1999,https://boxd.it/TtxD9,5,Yes,animation,2019-06-09
2019-12-09,Toy Story 3,2010,https://boxd.it/TtyPv,3.5,Yes,"animation, cried",2019-06-10
2019-12-09,Yojimbo,1961,https://boxd.it/TtBIH,3,,criterionchannel,2019-06-15
2019-12-09,Raiders of the Lost Ark,1981,https://boxd.it/TtDQX,3.5,,netflix,2019-06-16
2019-12-09,North by Northwest,1959,https://boxd.it/TtEVz,4,,,2019-06-16
2019-12-09,Computer Chess,2013,https://boxd.it/TtFHt,3,,,2019-06-16
2019-12-09,Long Day's Journey Into Night,2018,https://boxd.it/TtMv5,2.5,,cinema,2019-06-18
2019-12-09,Toy Story 4,2019,https://boxd.it/TtPqR,3.5,,"cinema, animation",2019-06-21
2019-12-09,Batman Begins,2005,https://boxd.it/TtPZd,3.5,Yes,netflix,2019-06-21
2019-12-09,The Dark Knight,2008,https://boxd.it/TtQch,5,Yes,netflix,2019-06-22
2019-12-09,The Terminator,1984,https://boxd.it/TtQO1,4,,cinema,2019-06-23
2019-12-09,The Souvenir,2019,https://boxd.it/Tv3av,4,,"cinema, female-director",2019-06-27
2019-12-10,American Psycho,2000,https://boxd.it/TxlB9,2.5,,,2019-06-28
2019-12-10,Secret Sunshine,2007,https://boxd.it/TxlNf,3,,criterionchannel,2019-06-30
2019-12-10,The Dark Knight Rises,2012,https://boxd.it/TxnjB,2,Yes,,2019-07-03
2019-12-10,The Dead Don't Die,2019,https://boxd.it/TxHhl,2.5,,cinema,2019-07-04
2019-12-10,The Farewell,2019,https://boxd.it/TxK8L,3.5,,"cinema, dinner scene, travel, diminished-by-credits, female-director, cried",2019-07-19
2019-12-25,Hannah Gadsby: Nanette,2018,https://boxd.it/UzAiT,,,"netflix, comedy special, female-director",2019-07-23
2019-12-10,The Last Black Man in San Francisco,2019,https://boxd.it/Ty54l,3,,cinema,2019-07-24
2019-12-18,Once Upon a Time… in Hollywood,2019,https://boxd.it/U4uun,3.5,,cinema,2019-07-28
2019-12-18,Crimes and Misdemeanors,1989,https://boxd.it/U4vdH,4,,,2019-08-03
2019-12-18,The Sword of Doom,1966,https://boxd.it/U4wqn,3,,criterionchannel,2019-08-04
2019-12-18,Aquaman,2018,https://boxd.it/U4wWD,2,,"travel, plane",2019-08-06
2019-12-18,Alita: Battle Angel,2019,https://boxd.it/U4ydF,2,,travel,2019-08-15
2019-12-18,Once Upon a Time… in Hollywood,2019,https://boxd.it/U4z87,3.5,Yes,"cinema, travel",2019-08-20
2019-12-19,Godzilla: King of the Monsters,2019,https://boxd.it/U6Qaj,1.5,,travel,2019-08-22
2019-12-19,Bacurau,2019,https://boxd.it/U6PMB,3,,cinema,2019-09-01
2019-12-19,It Chapter Two,2019,https://boxd.it/U6QDF,1.5,,cinema,2019-09-15
2019-12-19,Ad Astra,2019,https://boxd.it/U6R63,2.5,,cinema,2019-09-26
2019-12-19,Midsommar,2019,https://boxd.it/U6RxN,2.5,,cinema,2019-09-26
2019-12-19,The Breadwinner,2017,https://boxd.it/U6RCD,3,,"netflix, female-director, animation",2019-09-29
2019-12-19,The Godfather,1972,https://boxd.it/U7i8F,4,Yes,cinema,2019-10-01
2019-12-19,Joker,2019,https://boxd.it/U7iHl,1.5,,cinema,2019-10-05
2019-12-19,Yesterday,2019,https://boxd.it/U7iRb,3,,"travel, plane",2019-10-28
2019-12-19,"Where'd You Go, Bernadette",2019,https://boxd.it/U7iYV,2,,"travel, plane",2019-10-28
2019-12-19,El Camino: A Breaking Bad Movie,2019,https://boxd.it/U7l4B,2.5,,netflix,2019-11-08
2019-12-19,12 Angry Men,1957,https://boxd.it/U7lYf,4,Yes,"criterionchannel, courtroom",2019-11-10
2019-12-19,Parasite,2019,https://boxd.it/U8qiZ,4,,"cinema, low",2019-11-11
2019-12-20,Eraserhead,1977,https://boxd.it/Uam73,4,,"criterionchannel, low",2019-11-21
2019-12-20,Tramps,2016,https://boxd.it/UamUz,3,,"netflix, low",2019-11-23
2019-12-20,Nocturama,2016,https://boxd.it/UarrR,3.5,,"netflix, high",2019-11-24
2019-12-20,The Arbor,2010,https://boxd.it/Uatmf,4,,"criterionchannel, low, female-director",2019-11-24
2019-12-20,Hustlers,2019,https://boxd.it/UatCx,3,,"low, female-director",2019-11-25
2019-12-20,The Irishman,2019,https://boxd.it/Ub4gt,3.5,Yes,"high, netflix",2019-11-27
2019-12-20,Ford v Ferrari,2019,https://boxd.it/UbBdn,3.5,,"cinema, imax, low",2019-11-28
2019-12-20,Knives Out,2019,https://boxd.it/UciQH,4,,"cinema, low, travel, built-like-a-mathematical-proof",2019-12-09
2019-12-21,The Report,2019,https://boxd.it/UeLdD,3,,"low, travel, prime",2019-12-14
2019-12-21,Marriage Story,2019,https://boxd.it/Uf0Bl,3,,"netflix, dr, high, travel",2019-12-14
2019-12-21,Thelma & Louise,1991,https://boxd.it/Ufjm5,3.5,,"low, travel",2019-12-15
2019-12-21,Star Wars: The Last Jedi,2017,https://boxd.it/Ufjut,3,Yes,"low, travel",2019-12-15
2019-12-21,Match Point,2005,https://boxd.it/UfjuD,3.5,,"netflix, low, travel",2019-12-15
2019-12-21,Tomboy,2011,https://boxd.it/UfjuN,3.5,,"criterionchannel, low, travel, female-director, cried",2019-12-18
2019-12-21,"Aguirre, the Wrath of God",1972,https://boxd.it/UfjuX,3,,"criterionchannel, high, travel",2019-12-18
2019-12-21,Knocked Up,2007,https://boxd.it/Ufjv7,3,,"low, travel",2019-12-19
2019-12-21,Fast & Furious Presents: Hobbs & Shaw,2019,https://boxd.it/Ufjvh,2.5,,"high, travel",2019-12-19
2019-12-23,I Lost My Body,2019,https://boxd.it/UoPfN,4,,"low, netflix, animation, travel",2019-12-21
2019-12-24,Atlantics,2019,https://boxd.it/UuvuZ,3,,"netflix, low, travel, female-director",2019-12-22
2019-12-24,"Black Coal, Thin Ice",2014,https://boxd.it/Uv1Np,3.5,,"high, travel",2019-12-22
2019-12-26,Star Wars: The Rise of Skywalker,2019,https://boxd.it/UE3lb,1.5,,"cinema, low, travel",2019-12-24
2020-01-01,Son of Saul,2015,https://boxd.it/Vd6Tl,3.5,,"low, travel",2019-12-29
2020-01-01,Leviathan,2012,https://boxd.it/Vd7pB,3,,"high, travel, female-director",2019-12-30
2020-01-01,Asako I & II,2018,https://boxd.it/VfUlH,3,,"high, travel, plane",2019-12-31
2020-01-02,Parasite,2019,https://boxd.it/VmieR,4,Yes,"cinema, high",2020-01-01
2020-01-05,Peterloo,2018,https://boxd.it/VIdrl,2.5,,"high, prime",2020-01-03
2020-01-06,La Jetée,1962,https://boxd.it/VLuax,,,"criterionchannel, short",2020-01-03
2020-01-06,The Nightingale,2018,https://boxd.it/VNTYB,3,,"high, female-director",2020-01-04
2020-01-13,Beanpole,2019,https://boxd.it/WrvJH,3.5,,high,2020-01-04
2020-01-13,The Ballad of Narayama,1958,https://boxd.it/WsvN7,3.5,,"low, criterionchannel",2020-01-06
2020-01-13,The Lighthouse,2019,https://boxd.it/WtApr,3,,"high, cinema",2020-01-07
2020-01-14,Fallen Angels,1995,https://boxd.it/WyqCP,3.5,,"low, criterionchannel",2020-01-08
2020-01-14,Little Women,2019,https://boxd.it/WA5CX,3,,"low, cinema, female-director",2020-01-12
2020-01-14,Portrait of a Lady on Fire,2019,https://boxd.it/WBhHH,5,,"cinema, female-director, cried",2020-01-13
2020-01-15,The Edge of Democracy,2019,https://boxd.it/WH8ah,3,,"low, netflix, female-director",2020-01-14
2020-01-16,My Life as a Zucchini,2016,https://boxd.it/WLIWz,3,,"low, youtube, animation",2020-01-14
2020-01-29,Hunger,2008,https://boxd.it/XXApP,3,,"high, criterionchannel",2020-01-21
2020-01-30,A Beautiful Day in the Neighborhood,2019,https://boxd.it/Y01Uf,3,,"low, cinema, female-director",2020-01-28
2020-02-03,Portrait of a Lady on Fire,2019,https://boxd.it/YkFfr,5,Yes,"cinema, female-director, cried",2020-01-29
2020-02-03,Les Misérables,2019,https://boxd.it/Ymo41,2.5,,"high, cinema",2020-01-29
2020-02-03,Dark Star,1974,https://boxd.it/YnGi3,3,,"high, criterionchannel",2020-01-30
2020-02-03,THX 1138,1971,https://boxd.it/Yo7z1,2,,"low, criterionchannel, napped",2020-01-30
2020-02-03,1917,2019,https://boxd.it/YoBxf,2.5,,"high, cinema",2020-01-31
2020-02-04,Uncut Gems,2019,https://boxd.it/YtIhN,3.5,,"high, netflix",2020-02-01
2020-02-06,La Haine,1995,https://boxd.it/YATbb,4,,"criterionchannel, low",2020-02-01
2020-02-06,The Killing,1956,https://boxd.it/YB9OD,2.5,,"high, criterionchannel",2020-02-02
2020-02-06,Jojo Rabbit,2019,https://boxd.it/YBylr,2,,"low, cinema",2020-02-04
2020-02-10,Klaus,2019,https://boxd.it/YVTB1,2.5,,"high, netflix, animation",2020-02-08
2020-03-23,Adaptation.,2002,https://boxd.it/12B9JJ,4,,"high, criterionchannel",2020-02-09
2020-09-07,Alice Doesn't Live Here Anymore,1974,https://boxd.it/1l9TrV,3.5,,"high, cinema",2020-02-09
2020-09-07,Taxi Driver,1976,https://boxd.it/1l9VSz,4,,"high, cinema",2020-02-09
2020-09-08,Shutter Island,2010,https://boxd.it/1lkIwx,3.5,Yes,"low, cinema",2020-02-12
2020-09-08,Raging Bull,1980,https://boxd.it/1ll29D,4.5,Yes,"high, cinema",2020-02-12
2020-09-08,Escape from New York,1981,https://boxd.it/1ll4Wd,2.5,,"low, criterionchannel, napped",2020-02-14
2020-09-08,American Gigolo,1980,https://boxd.it/1ll7mn,3.5,,"low, criterionchannel",2020-02-15
2020-09-08,Caché,2005,https://boxd.it/1lln1P,3.5,,"high, criterionchannel",2020-02-20
2020-09-08,Light of My Life,2019,https://boxd.it/1llbzZ,3.5,,low,2020-02-21
2020-09-08,Jerry Maguire,1996,https://boxd.it/1llcUf,2.5,,"low, prime",2020-02-22
2020-09-08,Fantastic Mr. Fox,2009,https://boxd.it/1lldKF,3,,"high, prime, animation, napped",2020-02-23
2020-09-08,Following,1998,https://boxd.it/1llgFt,3,,"low, criterionchannel",2020-02-24
2020-09-08,Bombshell,2019,https://boxd.it/1llh8v,2,,high,2020-02-25
2020-09-08,The Thin Blue Line,1988,https://boxd.it/1llp9h,4.5,,"low, criterionchannel",2020-02-28
2020-09-08,The Invisible Man,2020,https://boxd.it/1llu2l,3,,"high, cinema",2020-02-29
2020-09-14,Under the Shadow,2016,https://boxd.it/1lYu3L,2,,"high, netflix",2020-02-29
2020-11-26,Sisters of the Gion,1936,https://boxd.it/1tDAZL,3.5,,"high, criterionchannel",2020-03-01
2020-12-25,Christine,2016,https://boxd.it/1wZ32H,3,,"high, netflix",2020-03-06
2020-11-26,Transit,2018,https://boxd.it/1tDB05,3,,high,2020-03-07
2020-11-26,Ash Is Purest White,2018,https://boxd.it/1tDB0f,3.5,,low,2020-03-08
2020-11-26,Castle in the Sky,1986,https://boxd.it/1tDB0p,3.5,,"low, netflix, animation",2020-03-12
2020-11-26,The Duke of Burgundy,2014,https://boxd.it/1tDB0z,4,,low,2020-03-13
2020-11-26,The River Fuefuki,1960,https://boxd.it/1tDB0J,3.5,,low,2020-03-14
2020-11-26,Elle,2016,https://boxd.it/1tDB0T,3,,low,2020-03-14
2020-11-26,World War Z,2013,https://boxd.it/1tDB13,3,Yes,low,2020-03-15
2020-11-26,Heavenly Creatures,1994,https://boxd.it/1tDB1d,,,napped,2020-03-15
2020-11-26,Dark Waters,2019,https://boxd.it/1tDB1n,3,,low,2020-03-20
2020-11-26,Contagion,2011,https://boxd.it/1tDB1x,3,Yes,high,2020-03-21
2020-11-26,Take Shelter,2011,https://boxd.it/1tDB1H,3.5,,"low, cried",2020-03-21
2020-11-26,Twenty-Four Eyes,1954,https://boxd.it/1tDB1R,4.5,,"high, criterionchannel, cried",2020-03-22
2020-11-26,Knives Out,2019,https://boxd.it/1tDB21,4,Yes,low,2020-03-26
2020-11-26,Hold the Dark,2018,https://boxd.it/1tDB2b,2,,"high, netflix",2020-03-26
2020-11-26,The Deep Blue Sea,2011,https://boxd.it/1tDB2l,3.5,,"low, cried",2020-03-27
2020-11-26,Mulan,1998,https://boxd.it/1tDB2v,2.5,Yes,"low, animation",2020-03-28
2020-11-26,"One, Two, Three",1961,https://boxd.it/1tDB2F,3.5,,high,2020-03-28
2020-11-26,Dogtooth,2009,https://boxd.it/1tDB2P,4,,high,2020-03-29
2020-11-26,Moonrise Kingdom,2012,https://boxd.it/1tDB2Z,4,,high,2020-04-01
2020-11-26,Margin Call,2011,https://boxd.it/1tDB39,3,,"low, prime",2020-04-02
2020-11-26,The Social Network,2010,https://boxd.it/1tDB3j,4,Yes,"high, netflix",2020-04-03
2020-11-26,The Spanish Prisoner,1997,https://boxd.it/1tDB3t,3,,high,2020-04-04
2020-11-26,Underwater,2020,https://boxd.it/1tDB3D,2,,high,2020-04-05
2020-11-26,One Cut of the Dead,2017,https://boxd.it/1tDB4L,3,,"high, mubi",2020-04-09
2020-11-26,Mad Max: Fury Road,2015,https://boxd.it/1tDB4V,4.5,Yes,low,2020-04-10
2020-11-26,The Piano Teacher,2001,https://boxd.it/1tDB55,4,,low,2020-04-10
2020-11-26,Onward,2020,https://boxd.it/1tDB5f,3.5,,"high, animation",2020-04-12
2020-11-26,Redline,2009,https://boxd.it/1tDB5p,3,,"low, netflix, animation",2020-04-15
2020-11-26,Sergio,2020,https://boxd.it/1tDB5z,2.5,,"high, netflix",2020-04-17
2020-11-26,Zootopia,2016,https://boxd.it/1tDB5J,3,Yes,"high, prime, animation",2020-04-19
2020-11-26,Blue Collar,1978,https://boxd.it/1tDB5T,4,,high,2020-04-19
2020-11-26,Good Bye Lenin!,2003,https://boxd.it/1tDB63,3,,high,2020-04-25
2020-11-26,Fast Five,2011,https://boxd.it/1tDB6d,3.5,Yes,"low, youtube",2020-04-25
2020-11-26,Crimson Peak,2015,https://boxd.it/1tDB6n,2.5,,low,2020-05-02
2020-11-26,"Kumiko, the Treasure Hunter",2014,https://boxd.it/1tDB6x,2.5,,high,2020-05-03
2020-11-26,Fight Club,1999,https://boxd.it/1tDB6H,3.5,Yes,"high, prime",2020-05-09
2020-11-26,Porco Rosso,1992,https://boxd.it/1tDB6R,4,,"high, netflix, animation, napped",2020-05-10
2020-11-26,The Limey,1999,https://boxd.it/1tDB71,3,,high,2020-05-14
2020-11-26,Unforgiven,1992,https://boxd.it/1tDB7b,3.5,Yes,low,2020-05-17
2020-12-31,Hard Boiled,1992,https://boxd.it/1y70id,3.5,,high,2020-05-17
2020-11-26,Se7en,1995,https://boxd.it/1tDB7v,4.5,Yes,low,2020-05-24
2021-01-01,Hannah Gadsby: Douglas,2020,https://boxd.it/1yaNwf,,,"netflix, comedy special, female-director",2020-05-30
2020-11-26,The Remains of the Day,1993,https://boxd.it/1tDB7P,3.5,,"low, netflix, cried",2020-05-31
2020-11-26,Panic Room,2002,https://boxd.it/1tDB7Z,4,Yes,"high, netflix",2020-06-06
2020-11-26,The Hours,2002,https://boxd.it/1tDB89,3.5,,"high, cried",2020-06-07
2020-11-26,Dead Calm,1989,https://boxd.it/1tDB8j,3.5,,high,2020-06-14
2020-11-26,Jurassic Park,1993,https://boxd.it/1tDB8t,4,Yes,"low, netflix",2020-06-21
2020-11-26,Da 5 Bloods,2020,https://boxd.it/1tDB8D,3.5,,"low, netflix",2020-06-28
2020-11-26,Twenty Years Later,1984,https://boxd.it/1tDB9r,3.5,,high,2020-07-11
2020-11-26,The Old Guard,2020,https://boxd.it/1tDB9B,2.5,,"low, netflix",2020-07-12
2020-11-26,The Girl with the Dragon Tattoo,2011,https://boxd.it/1tDB9L,3.5,Yes,"high, netflix",2020-07-24
2020-11-26,Mucho Mucho Amor: The Legend of Walter Mercado,2020,https://boxd.it/1tDB9V,,,netflix,2020-08-01
2020-11-26,Greyhound,2020,https://boxd.it/1tDBa5,2.5,,high,2020-08-02
2020-11-26,Casa Grande,2014,https://boxd.it/1tDBaf,3,,"high, netflix",2020-08-08
2020-11-26,Miami Vice,2006,https://boxd.it/1tDBap,3.5,,"high, netflix",2020-08-09
2020-11-26,An Easy Girl,2019,https://boxd.it/1tDBaz,3,,"high, netflix",2020-08-17
2020-11-26,Divine Love,2019,https://boxd.it/1tDBaJ,2.5,,"high, mubi",2020-08-29
2020-11-26,Halloween,1978,https://boxd.it/1tDBaT,3.5,,"high, prime",2020-08-29
2020-11-26,Narcissus Off Duty,2020,https://boxd.it/1tDBb3,2,,"low, globoplay",2020-09-08
2020-11-26,Mulan,2020,https://boxd.it/1tDCFD,1,,high,2020-09-12
2020-12-31,I'm Thinking of Ending Things,2020,https://boxd.it/1y7pOD,4,,"low, netflix, dinner scene",2020-09-12
2020-11-26,The Devil All the Time,2020,https://boxd.it/1tDBbH,2.5,,"low, netflix",2020-09-19
2020-11-26,Dick Johnson Is Dead,2020,https://boxd.it/1tDBbR,3.5,,"high, netflix, female-director, cried",2020-10-03
2020-11-26,Paddleton,2019,https://boxd.it/1tDBc1,3,,"low, netflix",2020-10-10
2020-11-26,The Trial of the Chicago 7,2020,https://boxd.it/1tDBcb,3,,"low, netflix, travel, cotovelo",2020-11-08
2020-11-26,Tenet,2020,https://boxd.it/1tDBcl,3,,"low, cinema, travel",2020-11-11
2020-11-26,Birds of Prey (and the Fantabulous Emancipation of One Harley Quinn),2020,https://boxd.it/1tDBcv,2.5,,"high, female-director, travel",2020-11-13
2020-11-26,Psycho,1960,https://boxd.it/1tDBcF,4,,"low, netflix",2020-11-20
2020-11-26,Joint Security Area,2000,https://boxd.it/1tDBcP,4,,"low, criterionchannel, cried",2020-11-21
2020-11-26,Barking Dogs Never Bite,2000,https://boxd.it/1tDBcZ,3,,"low, criterionchannel",2020-11-22
2020-11-26,The Player,1992,https://boxd.it/1tDBd9,3.5,,"low, criterionchannel",2020-11-22
2020-11-26,Nowhere to Hide,1999,https://boxd.it/1tDBdj,3.5,,"high, criterionchannel",2020-11-22
2020-11-26,Water Lilies,2007,https://boxd.it/1tDBdt,3,,"low, criterionchannel, female-director",2020-11-23
2020-11-26,Citizen Kane,1941,https://boxd.it/1tDBdX,4,Yes,high,2020-11-24
2020-11-27,Mank,2020,https://boxd.it/1tITN5,3,,"low, cinema",2020-11-25
2020-11-29,Mangrove,2020,https://boxd.it/1tWVkn,2.5,,"high, anthology, courtroom",2020-11-26
2020-11-29,Snowpiercer,2013,https://boxd.it/1tWVDz,4,Yes,low,2020-11-27
2020-12-06,Gone Girl,2014,https://boxd.it/1uKiTt,4,Yes,"low, netflix",2020-11-28
2020-12-06,Girlhood,2014,https://boxd.it/1uKjaJ,4,,"low, criterionchannel, cried, female-director",2020-11-29
2020-12-06,Zodiac,2007,https://boxd.it/1uKjmP,4.5,,low,2020-11-29
2020-12-06,The Quiet Family,1998,https://boxd.it/1uKjvx,2.5,,"high, criterionchannel",2020-12-02
2020-12-12,The Ascent,1977,https://boxd.it/1vpFZL,3.5,,"high, female-director, criterionchannel",2020-12-05
2020-12-12,Yentl,1983,https://boxd.it/1vpG6R,3,,"high, female-director, criterionchannel",2020-12-06
2020-12-14,Lovers Rock,2020,https://boxd.it/1vHUPR,4,,"low, anthology",2020-12-12
2020-12-25,Ratatouille,2007,https://boxd.it/1wYXP9,3.5,Yes,"low, animation, disney+",2020-12-12
2020-12-25,Central Station,1998,https://boxd.it/1wYY8Z,3.5,Yes,"low, globoplay",2020-12-13
2020-12-25,Emicida: AmarElo - It's All for Yesterday,2020,https://boxd.it/1wYYoN,2.5,,"high, netflix",2020-12-17
2020-12-25,"Red, White and Blue",2020,https://boxd.it/1wYYP5,3.5,,"high, anthology",2020-12-18
2020-12-25,First Cow,2019,https://boxd.it/1wYZfn,3,,"high, female-director",2020-12-19
2020-12-25,Ma Rainey's Black Bottom,2020,https://boxd.it/1wYZud,2.5,,"high, netflix",2020-12-19
2020-12-25,"Crouching Tiger, Hidden Dragon",2000,https://boxd.it/1wYZKP,3.5,,low,2020-12-22
2020-12-26,Soul,2020,https://boxd.it/1xdRRX,2.5,,"high, animation",2020-12-25
2020-12-27,A Christmas Tale,2008,https://boxd.it/1xlp3V,4,,"low, criterionchannel",2020-12-26
2020-12-27,Alex Wheatle,2020,https://boxd.it/1xnQTt,3,,"high, anthology",2020-12-26
2020-12-27,House of Games,1987,https://boxd.it/1xpcN5,3.5,,"high, criterionchannel",2020-12-26
2020-12-28,Another Round,2020,https://boxd.it/1xyLPj,3.5,,high,2020-12-27
2020-12-29,Standard Operating Procedure,2008,https://boxd.it/1xHtOF,3.5,,"low, youtube",2020-12-27
2020-12-29,The Vast of Night,2019,https://boxd.it/1xHucx,2.5,,"high, prime",2020-12-27
2020-12-30,Never Rarely Sometimes Always,2020,https://boxd.it/1xXfxH,3.5,,"high, female-director, youtube",2020-12-29
2020-12-31,Sound of Metal,2019,https://boxd.it/1y4XmH,3,,"high, prime",2020-12-30
2021-01-02,The Last Stand,2013,https://boxd.it/1ylqrt,3,,"low, youtube",2020-12-31
2021-01-03,Basic Sanitation: The Movie,2007,https://boxd.it/1yzDjv,3,,high,2021-01-01
2021-01-03,Education,2020,https://boxd.it/1yB8H1,3,,"low, anthology",2021-01-01
2021-01-03,The Woman Who Ran,2020,https://boxd.it/1yCi7J,2.5,,high,2021-01-01
2021-01-04,Possessor,2020,https://boxd.it/1ySya7,3.5,,"low, enhanced-by-credits",2021-01-02
2021-01-04,"Monsters, Inc.",2001,https://boxd.it/1ySEi7,4,Yes,"high, animation",2021-01-03
2021-01-05,Unstoppable,2010,https://boxd.it/1z0qdj,3.5,,"high, youtube",2021-01-03
2021-01-10,Finding Nemo,2003,https://boxd.it/1zI6hD,2.5,Yes,"low, animation",2021-01-08
2021-01-10,Brazil,1985,https://boxd.it/1zNofl,3,,"low, prime",2021-01-09
2021-01-11,Naked,1993,https://boxd.it/1zTs5h,,,"criterionchannel, napped",2021-01-09
2021-01-11,Videodrome,1983,https://boxd.it/1zXbAF,3.5,,"high, youtube",2021-01-10
2021-01-15,Lupin the Third: The Castle of Cagliostro,1979,https://boxd.it/1ACy11,3,,"high, animation, netflix",2021-01-13
2021-01-18,The Call,2020,https://boxd.it/1B5bud,3,,"netflix, low",2021-01-16
2021-01-22,Tremors,1990,https://boxd.it/1BDEVP,3,Yes,low,2021-01-20
2021-01-24,They Live,1988,https://boxd.it/1BTj9n,3.5,,high,2021-01-21
2021-01-24,The Wild Bunch,1969,https://boxd.it/1BTjyn,3.5,,low,2021-01-22
2021-01-26,Once Upon a Time in the West,1968,https://boxd.it/1CdxQl,4.5,Yes,"high, criterionchannel, cried",2021-01-23
2021-01-26,The Assistant,2019,https://boxd.it/1Cdy1t,3,,"high, prime, female-director",2021-01-23
2021-01-26,WALL·E,2008,https://boxd.it/1Cdy7h,4,Yes,"low, animation",2021-01-24
2021-01-31,Monsters University,2013,https://boxd.it/1CRqsB,2,Yes,"high, animation",2021-01-28
2021-01-31,Swallow,2019,https://boxd.it/1CVgJZ,3.5,,low,2021-01-30
2021-02-07,Inside Out,2015,https://boxd.it/1DSdy3,3.5,Yes,"high, animation, cried",2021-02-03
2021-02-07,One Night in Miami...,2020,https://boxd.it/1DSjND,3,,"high, prime, female-director",2021-02-05
2021-02-07,The Night of the Hunter,1955,https://boxd.it/1DSkIz,3,,"low, criterionchannel, napped",2021-02-05
2021-02-08,Atonement,2007,https://boxd.it/1E97Hx,3.5,,low,2021-02-06
2021-02-08,The Guilty,2018,https://boxd.it/1E98oL,3,,"high, prime",2021-02-07
2021-02-12,The Green Fog,2017,https://boxd.it/1ECNlr,2,,criterionchannel,2021-02-11
2021-02-15,Public Speaking,2010,https://boxd.it/1F2xnX,3,,high,2021-02-13
2021-02-15,Malcolm X,1992,https://boxd.it/1F2xBv,4,,"low, prime",2021-02-13
2021-02-15,Space Sweepers,2021,https://boxd.it/1F2xN7,2,,"high, netflix, napped",2021-02-13
2021-02-15,Judas and the Black Messiah,2021,https://boxd.it/1F7paV,3,,low,2021-02-14
2021-02-22,Promising Young Woman,2020,https://boxd.it/1G5vcD,2.5,,"high, female-director",2021-02-20
2021-02-22,Wolfwalkers,2020,https://boxd.it/1G9Gy9,3.5,,"low, animation",2021-02-21
2021-02-23,I Care a Lot,2020,https://boxd.it/1Gedfx,2,,"low, netflix",2021-02-21
2021-02-26,But I'm a Cheerleader,1999,https://boxd.it/1GFXc9,3,,low,2021-02-25
2021-02-28,Days of Heaven,1978,https://boxd.it/1GWsYb,4,,"low, criterionchannel",2021-02-27
2021-03-02,Minari,2020,https://boxd.it/1HbN57,3.5,,low,2021-02-28
2021-03-08,Assault on Precinct 13,1976,https://boxd.it/1I3NYz,3,,low,2021-03-06
2021-03-08,Shithouse,2020,https://boxd.it/1I3OiJ,3.5,,low,2021-03-07
2021-03-15,Universal Soldier: Day of Reckoning,2012,https://boxd.it/1ISoKz,3,,"high, globoplay",2021-03-13
2021-03-22,The 400 Blows,1959,https://boxd.it/1JPrKv,3.5,,"high, criterionchannel",2021-03-20
2021-03-22,Nomadland,2020,https://boxd.it/1JWewJ,4,,"high, female-director, cried",2021-03-21
2021-03-30,Blackhat,2015,https://boxd.it/1L0lBt,3,,"high, youtube",2021-03-28
2021-04-03,Down with Love,2003,https://boxd.it/1LxnZN,2.5,,"low, prime",2021-03-31
2021-04-03,Godzilla vs. Kong,2021,https://boxd.it/1Lz02H,2.5,,high,2021-04-03
2021-04-04,The White Tiger,2021,https://boxd.it/1LIJt7,2,,"high, netflix",2021-04-03
2021-04-05,Good Morning,1959,https://boxd.it/1LOg8L,3.5,,"high, criterionchannel, cried",2021-04-03
2021-04-09,Pieces of a Woman,2020,https://boxd.it/1Mrait,3,,"low, netflix",2021-04-07
2021-04-13,Humpday,2009,https://boxd.it/1N2jHV,3.5,,"high, female-director",2021-04-10
2021-04-13,Allied,2016,https://boxd.it/1N2k7T,2.5,,"low, prime",2021-04-11
2021-04-18,The Lord of the Rings: The Fellowship of the Ring,2001,https://boxd.it/1NLpEN,4,Yes,"low, youtube",2021-04-17
2021-04-25,Nobody,2021,https://boxd.it/1OLHwr,2.5,,high,2021-04-21
2021-05-17,The Lord of the Rings: The Two Towers,2002,https://boxd.it/1RNnjD,3.5,Yes,"high, youtube",2021-04-25
2021-05-17,Below Zero,2021,https://boxd.it/1RNp1B,2,,"low, netflix, travel, hotel",2021-04-30
2021-05-17,The Mitchells vs. The Machines,2021,https://boxd.it/1RNs65,3,,"high, netflix, animation",2021-05-01
2021-05-17,They Don't Wear Black Tie,1981,https://boxd.it/1RNtDJ,3.5,,"high, cried, globoplay",2021-05-02
2021-05-17,La Cérémonie,1995,https://boxd.it/1RNU7v,3.5,,"high, criterionchannel",2021-05-02
2021-05-17,The Informer,2019,https://boxd.it/1RNW3v,3,,"high, netflix",2021-05-09
2021-05-17,Mission: Impossible - Fallout,2018,https://boxd.it/1RNXMB,4,Yes,"high, netflix",2021-05-10
2021-05-17,Steve Jobs,2015,https://boxd.it/1RO0KN,3,,"low, prime",2021-05-11
2021-05-17,The Father,2020,https://boxd.it/1RO7ep,4,,"low, cried, youtube",2021-05-12
2021-05-22,"Quo vadis, Aida?",2020,https://boxd.it/1Sq7wT,3.5,,"low, youtube, female-director",2021-05-13
2021-05-22,Bound,1996,https://boxd.it/1Sq9ox,3,,"high, youtube, female-director",2021-05-14
2021-05-22,The Lord of the Rings: The Return of the King,2003,https://boxd.it/1Sq9U9,3.5,Yes,"low, youtube, cried",2021-05-15
2021-05-22,The Matrix,1999,https://boxd.it/1Sqadl,4.5,Yes,"low, female-director, netflix",2021-05-15
2021-05-22,The Nest,2020,https://boxd.it/1Sqbb1,2.5,,"high, prime",2021-05-16
2021-05-23,Army of the Dead,2021,https://boxd.it/1SyFLp,2.5,,"high, netflix",2021-05-22
2021-05-30,The Matrix Reloaded,2003,https://boxd.it/1TuH4X,4,Yes,"low, netflix, female-director",2021-05-29
2021-07-24,Those Who Wish Me Dead,2021,https://boxd.it/212R5x,3,,low,2021-05-29
2021-06-01,The Distinguished Citizen,2016,https://boxd.it/1TKFsv,3.5,,"low, netflix",2021-05-30
2021-07-03,Bo Burnham: Inside,2021,https://boxd.it/1XS2PH,3.5,,"netflix, low",2021-06-02
2021-07-03,"Faster, Pussycat! Kill! Kill!",1965,https://boxd.it/1XS51P,2.5,,,2021-06-04
2021-07-03,Bridesmaids,2011,https://boxd.it/1XS5Wh,2.5,,"high, prime",2021-06-06
2021-07-03,The Matrix Revolutions,2003,https://boxd.it/1XScqd,3,Yes,"high, female-director, netflix",2021-06-12
2021-07-03,I Live in Fear,1955,https://boxd.it/1XScXV,,,"napped, criterionchannel",2021-06-13
2021-07-03,A Quiet Place,2018,https://boxd.it/1XSfUl,3,Yes,"prime, high",2021-06-19
2021-07-03,Luca,2021,https://boxd.it/1XSj6z,2.5,,"high, animation",2021-06-20
2021-07-03,Wrath of Man,2021,https://boxd.it/1XSkpx,3,,high,2021-06-20
2021-07-03,Run,2020,https://boxd.it/1XSTRB,2.5,,"high, netflix",2021-06-24
2021-07-03,The Invisible Guest,2016,https://boxd.it/1XSUsR,3,,"low, netflix",2021-06-26
2021-07-03,The Kids Are All Right,2010,https://boxd.it/1XSWgX,3,,"high, prime, female-director",2021-06-27
2021-07-03,Dersu Uzala,1975,https://boxd.it/1XSWY1,3.5,,"high, criterionchannel",2021-06-30
2021-07-03,A Quiet Place Part II,2020,https://boxd.it/1XSXfr,2.5,,low,2021-07-01
2021-07-04,The Tomorrow War,2021,https://boxd.it/1Y2J37,2.5,,"low, prime",2021-07-02
2021-07-08,The Hateful Eight,2015,https://boxd.it/1YEqoB,4,Yes,"high, prime",2021-07-03
2021-07-08,Dawn of the Dead,2004,https://boxd.it/1YEqM9,2.5,,"prime, high",2021-07-03
2021-07-08,No Sudden Move,2021,https://boxd.it/1YEr2V,3,,low,2021-07-04
2021-07-14,Blow Out,1981,https://boxd.it/1ZB9Kt,4,,"low, criterionchannel",2021-07-10
2021-07-14,The Gift,2015,https://boxd.it/1ZBbud,3,,"low, hbomax",2021-07-11
2021-11-29,Nomadland,2020,https://boxd.it/2jVjtd,4,Yes,"high, cinema, female-director, cried",2021-07-20
2021-11-29,Tangled,2010,https://boxd.it/2jVjZX,3,,"low, animation",2021-07-24
2021-11-29,Best in Show,2000,https://boxd.it/2jVklT,3.5,,"low, hbomax",2021-07-24
2021-11-29,Terminator 2: Judgment Day,1991,https://boxd.it/2jVkAz,4,,"low, netflix",2021-07-31
2021-11-29,The Swordsman,2020,https://boxd.it/2jVkZT,2.5,,high,2021-08-07
2021-11-29,F9,2021,https://boxd.it/2jVpwn,3,,"high, cinema",2021-08-11
2021-11-29,The Fast and the Furious: Tokyo Drift,2006,https://boxd.it/2jVpPT,3.5,,"low, youtube",2021-08-11
2021-11-29,Fast & Furious,2009,https://boxd.it/2jVqtJ,3,,"low, youtube",2021-08-14
2021-11-29,Safe,1995,https://boxd.it/2jVqGD,3,,"high, criterionchannel",2021-08-14
2021-11-29,Old,2021,https://boxd.it/2jVqSf,2.5,,"high, cinema",2021-08-18
2021-11-29,The Fog,1980,https://boxd.it/2jVraN,2.5,,"high, youtube",2021-08-21
2021-11-29,Moonstruck,1987,https://boxd.it/2jVrG5,3.5,,"low, criterionchannel",2021-08-28
2021-11-29,The Suicide Squad,2021,https://boxd.it/2jVrRR,3,,low,2021-08-30
2021-11-29,Flowers of Shanghai,1998,https://boxd.it/2jVso7,4,,"low, criterionchannel",2021-09-04
2021-11-29,25th Hour,2002,https://boxd.it/2jVsYT,4,,high,2021-09-12
2021-11-29,Malignant,2021,https://boxd.it/2jVtBV,3,,"low, cinema",2021-09-13
2021-11-29,After Hours,1985,https://boxd.it/2jVtRp,3.5,,"low, criterionchannel",2021-09-19
2021-11-29,Shang-Chi and the Legend of the Ten Rings,2021,https://boxd.it/2jVuu7,2.5,,"high, cinema",2021-09-20
2021-11-29,Cure,1997,https://boxd.it/2jVuRP,4,,"high, criterionchannel",2021-09-22
2021-11-29,In the Cut,2003,https://boxd.it/2jVvvZ,3,,"low, female-director, criterionchannel",2021-09-23
2021-11-29,No Time to Die,2021,https://boxd.it/2jVx63,3,,"high, cinema, travel",2021-10-06
2021-11-29,The Counselor,2013,https://boxd.it/2jVxz5,3,,low,2021-10-16
2021-11-29,Baghdad in My Shadow,2019,https://boxd.it/2jVxTz,2.5,,"high, cinema",2021-10-17
2021-11-29,The Last Duel,2021,https://boxd.it/2jVyhV,3,,"high, cinema",2021-10-19
2021-11-29,Dune,2021,https://boxd.it/2jVyD3,3,,"high, cinema, imax",2021-10-27
2021-11-29,Ace in the Hole,1951,https://boxd.it/2jVz1J,3.5,,"low, criterionchannel",2021-10-31
2021-11-29,Jennifer's Body,2009,https://boxd.it/2jVzfr,2.5,,"high, criterionchannel, female-director",2021-10-31
2021-11-29,Marighella,2019,https://boxd.it/2jVzzL,3,,"high, cinema",2021-11-01
2021-11-29,Ema,2019,https://boxd.it/2jVA4T,2.5,,"high, youtube",2021-11-06
2021-11-29,Venom: Let There Be Carnage,2021,https://boxd.it/2jVAsB,2.5,,"low, cinema",2021-11-08
2021-11-29,7 Prisoners,2021,https://boxd.it/2jVB0X,2.5,,"high, cinema",2021-11-10
2021-11-29,The Card Counter,2021,https://boxd.it/2jVB8d,3.5,,low,2021-11-17
2021-11-29,Last Night in Soho,2021,https://boxd.it/2jVBSZ,2,,"low, cinema",2021-11-25
2021-11-29,Passing,2021,https://boxd.it/2jZRSf,2.5,,"low, netflix, female-director",2021-11-28
2021-12-01,House of Gucci,2021,https://boxd.it/2kjiQt,3,,"low, cinema",2021-11-30
2021-12-02,The French Dispatch,2021,https://boxd.it/2krJ6D,3.5,,"high, cinema",2021-12-01
2021-12-05,"Paris, 13th District",2021,https://boxd.it/2kQ2Xz,3,,"low, travel, cinema, varilux",2021-12-04
2021-12-05,Men in Black,1997,https://boxd.it/2kTZmN,3,,"low, netflix, travel, napped",2021-12-04
2021-12-07,Pig,2021,https://boxd.it/2lc3Ch,4,,"low, travel",2021-12-05
2021-12-07,A Tale of Love and Desire,2021,https://boxd.it/2ldH1x,2.5,,"high, cinema, travel, female-director, varilux",2021-12-06
2021-12-13,West Side Story,1961,https://boxd.it/2lZ7mF,3,,"low, travel, youtube",2021-12-11
2021-12-13,The Martian,2015,https://boxd.it/2m06K9,4,Yes,"high, travel, extended",2021-12-11
2021-12-13,The Piano,1993,https://boxd.it/2m2wsz,3.5,,"low, female-director, travel, enhanced-by-credits",2021-12-12
2021-12-14,Shiva Baby,2020,https://boxd.it/2m9IAT,3,,"high, female-director, travel",2021-12-12
2021-12-19,The Legend of Hei,2019,https://boxd.it/2mZ8zz,3,,"high, animation",2021-12-17
2021-12-23,The Red Balloon,1956,https://boxd.it/2nMSLT,,,"short, criterionchannel, travel, cotovelo",2021-12-22
2021-12-23,Raya and the Last Dragon,2021,https://boxd.it/2nOMQR,2,,"high, animation, travel, cotovelo",2021-12-22
2021-12-24,The Matrix Resurrections,2021,https://boxd.it/2o0udV,2.5,,"low, cinema, female-director, travel",2021-12-23
2021-12-28,Stillwater,2021,https://boxd.it/2oVvpx,3,,"low, travel",2021-12-26
2021-12-31,The Woman in the Window,2021,https://boxd.it/2pIr2d,2.5,,"low, netflix, travel",2021-12-29
2022-01-04,I'm Your Man,2021,https://boxd.it/2r4PvV,3,,"high, female-director, travel, plane",2022-01-03
2022-01-05,Annette,2021,https://boxd.it/2rnetL,4,,"low, cinema, cried",2022-01-04
2022-01-07,The Harder They Fall,2021,https://boxd.it/2rMUBx,2,,"low, netflix",2022-01-06
2022-01-07,Nimic,2019,https://boxd.it/2rNBRj,,,"mubi, short",2022-01-06
2022-01-07,The Power of the Dog,2021,https://boxd.it/2rQBSd,3,,"high, female-director, netflix",2022-01-06
2022-01-10,The Lost Daughter,2021,https://boxd.it/2stR4h,3,,"low, female-director",2022-01-08
2022-01-10,Jupiter Ascending,2015,https://boxd.it/2stYar,1.5,,"low, female-director, hbomax, napped",2022-01-08
2022-01-10,Mean Girls,2004,https://boxd.it/2sxf2v,3.5,,"low, prime",2022-01-09
2022-01-12,Wheel of Fortune and Fantasy,2021,https://boxd.it/2tcbdV,3,,"high, cinema",2022-01-11
