Date,Name,Year,Letterboxd URI,Rating
2017-02-27,Loving,2016,https://boxd.it/bhHC,3.5
2017-02-27,Hacksaw Ridge,2016,https://boxd.it/azew,3.5
2017-02-27,"Right Now, Wrong Then",2015,https://boxd.it/bWs4,4
2017-02-27,Doctor Strange,2016,https://boxd.it/8MH8,3
2017-02-27,Gimme Danger,2016,https://boxd.it/dJqS,4
2017-02-27,Jackie,2016,https://boxd.it/d6bu,3
2017-02-27,Perfect Sense,2011,https://boxd.it/A3O,3.5
2017-02-27,Toni Erdmann,2016,https://boxd.it/d0xu,3.5
2017-02-27,Sully,2016,https://boxd.it/cD8Q,3
2017-02-27,Train to Busan,2016,https://boxd.it/dSQU,3.5
2017-02-27,A Monster Calls,2016,https://boxd.it/7DjE,3
2017-02-27,The Birth of a Nation,2016,https://boxd.it/bhFQ,3.5
2017-02-27,The Fits,2015,https://boxd.it/cacO,3
2017-02-27,Nocturnal Animals,2016,https://boxd.it/bkFu,4
2017-02-27,Paterson,2016,https://boxd.it/cRk2,3.5
2017-02-27,Rogue One: A Star Wars Story,2016,https://boxd.it/aPvy,3
2017-02-27,He Never Died,2015,https://boxd.it/8yvW,3.5
2017-02-27,The Thin Red Line,1998,https://boxd.it/1ZTM,3
2017-02-27,"Good Morning, Vietnam",1987,https://boxd.it/29Aq,3
2017-02-27,Arrival,2016,https://boxd.it/aNGk,3.5
2017-02-27,Morgan,2016,https://boxd.it/d6Yw,3
2017-02-27,"I, Daniel Blake",2016,https://boxd.it/d0xa,3.5
2017-02-27,Ghost in the Shell,1995,https://boxd.it/1YYc,3.5
2017-02-27,The Boy and the Beast,2015,https://boxd.it/aaRe,4
2017-02-27,Lo and Behold: Reveries of the Connected World,2016,https://boxd.it/cfuo,3.5
2017-02-27,Coraline,2009,https://boxd.it/1NhQ,4
2017-02-27,Kubo and the Two Strings,2016,https://boxd.it/a4wE,4
2017-02-27,Captain Fantastic,2016,https://boxd.it/b2K2,3.5
2017-02-27,Swiss Army Man,2016,https://boxd.it/bDG2,3.5
2017-02-27,Star Trek Into Darkness,2013,https://boxd.it/uYE,3.5
2017-02-27,Rashomon,1950,https://boxd.it/2a9K,3.5
2017-02-27,The Man Who Knew Infinity,2015,https://boxd.it/bTpm,3
2017-02-27,Aquarius,2016,https://boxd.it/d6YQ,3
2017-02-27,Hell or High Water,2016,https://boxd.it/bfGM,4
2017-02-27,Captain America: Civil War,2016,https://boxd.it/89Ja,3.5
2017-02-27,Trumbo,2015,https://boxd.it/9gG0,4
2017-02-27,All the President's Men,1976,https://boxd.it/29lU,3.5
2017-02-27,Finding Dory,2016,https://boxd.it/4aAA,3.5
2017-02-27,Children of Men,2006,https://boxd.it/1Y2i,4
2017-02-27,A Serious Man,2009,https://boxd.it/1RFW,3.5
2017-02-27,The Battered Bastards of Baseball,2014,https://boxd.it/7low,4
2017-02-27,10 Cloverfield Lane,2016,https://boxd.it/aZiu,4
2017-02-27,Maleficent,2014,https://boxd.it/3v1u,3
2017-02-27,Chronicle,2012,https://boxd.it/2Emk,4
2017-02-27,Bridge of Spies,2015,https://boxd.it/9n9C,3.5
2017-02-27,Room,2015,https://boxd.it/7T0y,4
2017-02-27,The Revenant,2015,https://boxd.it/8H5e,3
2017-02-27,The Big Short,2015,https://boxd.it/ajZw,4
2017-02-27,The Adjustment Bureau,2011,https://boxd.it/16T8,3.5
2017-02-27,World of Tomorrow,2015,https://boxd.it/9Gr6,3
2017-02-27,45 Years,2015,https://boxd.it/9ZPG,3
2017-02-27,Phoenix,2014,https://boxd.it/7u46,4
2017-02-27,Song of the Sea,2014,https://boxd.it/3Ic6,3
2017-02-27,Spotlight,2015,https://boxd.it/a84k,3.5
2017-02-27,Beasts of No Nation,2015,https://boxd.it/8Lp8,3.5
2017-02-27,The Assassin,2015,https://boxd.it/7rdE,3
2017-02-27,Mission: Impossible - Rogue Nation,2015,https://boxd.it/5rI4,3.5
2017-02-27,The Second Mother,2015,https://boxd.it/9Ydm,3
2017-02-27,Sicario,2015,https://boxd.it/8i7u,3
2017-02-27,Sunshine,2007,https://boxd.it/28Xy,4
2017-02-27,Charlie Wilson's War,2007,https://boxd.it/21yc,3
2017-02-27,Avengers: Age of Ultron,2015,https://boxd.it/3qi6,3
2017-02-27,Inherent Vice,2014,https://boxd.it/5hla,3
2017-02-27,Trainspotting,1996,https://boxd.it/29XY,3
2017-02-27,Inside Llewyn Davis,2013,https://boxd.it/34Ro,4
2017-02-27,The Big Lebowski,1998,https://boxd.it/2b6C,4
2017-02-27,28 Days Later,2002,https://boxd.it/2aXU,3.5
2017-02-27,Aliens,1986,https://boxd.it/29PA,4
2017-02-27,Waltz with Bashir,2008,https://boxd.it/1ZFA,4
2017-02-27,Alien,1979,https://boxd.it/2awY,4
2017-02-27,Selma,2014,https://boxd.it/8jak,3
2017-02-27,Mommy,2014,https://boxd.it/7Uau,5
2017-02-27,Fort Bliss,2014,https://boxd.it/7R6E,4
2017-02-27,Jurassic World,2015,https://boxd.it/4n0g,3
2017-02-27,Edge of Tomorrow,2014,https://boxd.it/4pD0,3.5
2017-02-27,The Visitor,2007,https://boxd.it/1RVq,3
2017-02-27,Before Sunrise,1995,https://boxd.it/2bcU,3.5
2017-02-27,A Most Wanted Man,2014,https://boxd.it/4WCE,3
2017-02-27,About Time,2013,https://boxd.it/43bI,3.5
2017-02-27,Ex Machina,2015,https://boxd.it/7T2k,3.5
2017-02-27,Mad Max 2,1981,https://boxd.it/1ZPg,4
2017-02-27,Mad Max,1979,https://boxd.it/1Y7i,3
2017-02-27,Paradise Now,2005,https://boxd.it/2bec,4
2017-02-27,"Two Days, One Night",2014,https://boxd.it/6A58,3.5
2017-02-27,Wild Tales,2014,https://boxd.it/7UmK,4
2017-02-27,Big Eyes,2014,https://boxd.it/36ms,3
2017-02-27,Blue Ruin,2013,https://boxd.it/5H8G,4
2017-02-27,Big Hero 6,2014,https://boxd.it/5rje,3
2017-02-27,The Help,2011,https://boxd.it/EDm,4
2017-02-27,Birdman or (The Unexpected Virtue of Ignorance),2014,https://boxd.it/5RFA,4
2017-02-27,Upstream Color,2013,https://boxd.it/4Cwc,3
2017-02-27,American Sniper,2014,https://boxd.it/5LDy,3.5
2017-02-27,Nightcrawler,2014,https://boxd.it/780m,4
2017-02-27,The Imitation Game,2014,https://boxd.it/6aig,3
2017-02-27,Wild,2014,https://boxd.it/6KQo,3.5
2017-02-27,The Tale of the Princess Kaguya,2013,https://boxd.it/4JQI,4
2017-02-27,A Most Violent Year,2014,https://boxd.it/75Va,4
2017-02-27,Under the Skin,2013,https://boxd.it/3mDa,3.5
2017-03-02,The Witch,2015,https://boxd.it/9X0m,3.5
2017-03-06,Green Room,2015,https://boxd.it/a75m,3
2017-03-06,The Lord of the Rings: The Fellowship of the Ring,2001,https://boxd.it/2b5O,4
2017-03-09,Godzilla,2014,https://boxd.it/47OE,3
2017-03-09,The Red Turtle,2016,https://boxd.it/bdkE,3.5
2017-03-13,Clouds of Sils Maria,2014,https://boxd.it/7f62,3.5
2017-03-15,Stoker,2013,https://boxd.it/34S2,3
2017-03-15,The Lord of the Rings: The Two Towers,2002,https://boxd.it/2b5E,3.5
2017-03-16,Dawn of the Planet of the Apes,2014,https://boxd.it/3XyQ,3
2017-03-18,Jodorowsky's Dune,2013,https://boxd.it/5MP6,4.5
2017-03-18,Ida,2013,https://boxd.it/6fRg,4.5
2017-03-18,Leviathan,2014,https://boxd.it/7Ub8,5
2017-03-18,Citizenfour,2014,https://boxd.it/9eSe,4.5
2017-03-18,Memento,2000,https://boxd.it/2bcK,4.5
2017-03-18,The Avengers,2012,https://boxd.it/1xFW,4.5
2017-03-18,Mad Max: Fury Road,2015,https://boxd.it/2DjO,4.5
2017-03-18,Love & Mercy,2014,https://boxd.it/8bd6,4.5
2017-03-18,Blue Is the Warmest Color,2013,https://boxd.it/4O40,4.5
2017-03-18,The Handmaiden,2016,https://boxd.it/948A,4.5
2017-03-18,The Normal Heart,2014,https://boxd.it/3NR4,4.5
2017-03-18,Chi-Raq,2015,https://boxd.it/bjIM,4.5
2017-03-18,Carol,2015,https://boxd.it/7DPK,4.5
2017-03-18,Dr. Strangelove or: How I Learned to Stop Worrying and Love the Bomb,1964,https://boxd.it/29eY,4.5
2017-03-18,The Wailing,2016,https://boxd.it/9fLy,4.5
2017-03-18,To Be or Not to Be,1942,https://boxd.it/2aTy,4.5
2017-03-18,Mulholland Drive,2001,https://boxd.it/297o,4.5
2017-03-19,Neighboring Sounds,2012,https://boxd.it/3nzS,4
2017-03-20,The Lord of the Rings: The Return of the King,2003,https://boxd.it/2b5u,3.5
2017-03-21,Ugetsu,1953,https://boxd.it/1NyM,4
2017-03-21,Little Men,2016,https://boxd.it/cXUq,3.5
2017-03-22,The Girl with All the Gifts,2016,https://boxd.it/d2lg,3
2017-03-26,The Age of Shadows,2016,https://boxd.it/cruq,3.5
2017-03-26,The Lost City of Z,2016,https://boxd.it/a7jS,1
2017-03-26,"4 Months, 3 Weeks and 2 Days",2007,https://boxd.it/27DW,5
2017-03-27,Seven Samurai,1954,https://boxd.it/2axi,4.5
2017-03-30,The White Helmets,2016,https://boxd.it/eGuu,3.5
2017-04-01,The Grandmaster,2013,https://boxd.it/QU0,4
2017-04-01,Good Will Hunting,1997,https://boxd.it/2ahY,4
2017-04-02,Requiem for a Dream,2000,https://boxd.it/29VI,4
2017-04-05,Close Encounters of the Third Kind,1977,https://boxd.it/29u8,3
2017-04-09,Split,2016,https://boxd.it/dgSy,3
2017-04-10,A Touch of Sin,2013,https://boxd.it/5Fvo,3.5
2017-04-10,"Like Father, Like Son",2013,https://boxd.it/5rQs,4
2017-04-11,Summer Wars,2009,https://boxd.it/1oDC,3.5
2017-04-14,Le Samouraï,1967,https://boxd.it/22ZI,4
2017-04-16,The Shining,1980,https://boxd.it/29Nu,3.5
2017-04-16,The Garden of Words,2013,https://boxd.it/5Ymq,3
2017-04-16,Memories of Murder,2003,https://boxd.it/1TSo,4.5
2017-04-18,Come and See,1985,https://boxd.it/1w9q,4
2017-04-24,Get Out,2017,https://boxd.it/eOCm,3.5
2017-05-01,Logan,2017,https://boxd.it/7Piy,3.5
2017-05-04,I Don't Feel at Home in This World Anymore,2017,https://boxd.it/f42u,3
2017-05-07,A History of Violence,2005,https://boxd.it/2bfa,4
2017-05-07,Fences,2016,https://boxd.it/dL6A,3.5
2017-05-26,I Am Not Your Negro,2016,https://boxd.it/etXy,4
2017-05-26,The Act of Killing,2012,https://boxd.it/44Cg,4
2017-05-26,Incendies,2010,https://boxd.it/Msm,4
2017-05-26,Do the Right Thing,1989,https://boxd.it/29gA,4
2017-05-26,John Wick: Chapter 2,2017,https://boxd.it/ayGu,3.5
2017-07-01,Monster,2003,https://boxd.it/2afy,3.5
2017-07-01,Annie Hall,1977,https://boxd.it/29M2,4
2017-07-01,High and Low,1963,https://boxd.it/1RSc,4
2017-07-01,Okja,2017,https://boxd.it/dvXe,3
2017-07-21,Life,2017,https://boxd.it/dRqG,1
2017-07-21,Hidden Figures,2016,https://boxd.it/dgS4,3
2017-07-21,Dunkirk,2017,https://boxd.it/d0Y6,3.5
2017-07-26,Colossal,2016,https://boxd.it/biZi,3
2017-07-31,Still Walking,2008,https://boxd.it/1wvm,4.5
2017-08-13,The Dark Tower,2017,https://boxd.it/bU66,3
2017-08-19,Spring Breakers,2012,https://boxd.it/421s,3
2017-08-19,Icarus,2017,https://boxd.it/fmje,3.5
2017-08-19,Trouble in Paradise,1932,https://boxd.it/2aU2,3.5
2017-08-19,Your Name.,2016,https://boxd.it/cUqs,4.5
2017-08-19,The Host,2006,https://boxd.it/28ZY,3.5
2017-08-20,The Girl Who Leapt Through Time,2006,https://boxd.it/1OPa,3
2017-08-21,In Another Country,2012,https://boxd.it/3wMQ,3
2017-08-21,Holy Motors,2012,https://boxd.it/3wai,4
2017-08-23,The Chaser,2008,https://boxd.it/1PgU,4
2017-08-24,Shaun of the Dead,2004,https://boxd.it/29J8,3.5
2017-08-25,Monsters,2010,https://boxd.it/Tdy,3
2017-08-26,The Beguiled,2017,https://boxd.it/dZ1k,3
2017-08-27,Street of Shame,1956,https://boxd.it/UWO,4.5
2017-08-28,Fitzcarraldo,1982,https://boxd.it/1YV8,4
2017-09-02,Rosemary's Baby,1968,https://boxd.it/29zM,4
2017-09-03,The Given Word,1962,https://boxd.it/h6Y,3.5
2017-09-04,Looper,2012,https://boxd.it/ham,4
2017-09-08,The Big Sick,2017,https://boxd.it/eHvy,3
2017-09-09,The Thing,1982,https://boxd.it/294O,4
2017-09-10,A Single Man,2009,https://boxd.it/1dx4,4
2017-09-11,American Honey,2016,https://boxd.it/bk7C,3.5
2017-09-11,Shame,2011,https://boxd.it/2CxU,4
2017-09-12,Blue Jasmine,2013,https://boxd.it/50MI,3
2017-09-13,Gabriel and the Mountain,2017,https://boxd.it/gaP0,3.5
2017-09-15,Baby Driver,2017,https://boxd.it/bhF2,4
2017-09-18,It Comes at Night,2017,https://boxd.it/eLuk,3.5
2017-09-18,A Bittersweet Life,2005,https://boxd.it/1U4Y,3
2017-09-18,Hot Fuzz,2007,https://boxd.it/2416,4.5
2017-09-18,The Iron Giant,1999,https://boxd.it/1Wow,4
2017-09-18,Sympathy for Mr. Vengeance,2002,https://boxd.it/23WU,3.5
2017-09-19,mother!,2017,https://boxd.it/dgRU,4
2017-10-02,Polytechnique,2009,https://boxd.it/1AMG,3
2017-10-08,It,2017,https://boxd.it/bC8e,2.5
2017-10-08,Slow West,2015,https://boxd.it/6CwK,2.5
2017-10-08,Being John Malkovich,1999,https://boxd.it/2ahu,2.5
2017-10-08,Shin Godzilla,2016,https://boxd.it/a9lm,2.5
2017-10-08,Jack Reacher,2012,https://boxd.it/2BUo,2.5
2017-10-08,Alien: Covenant,2017,https://boxd.it/49UY,2.5
2017-10-08,The Man from Nowhere,2010,https://boxd.it/AZy,2.5
2017-10-08,The Founder,2016,https://boxd.it/9XwM,2.5
2017-10-08,Valerian and the City of a Thousand Planets,2017,https://boxd.it/biYY,2.5
2017-10-08,Spider-Man: Homecoming,2017,https://boxd.it/aboM,2.5
2017-10-08,Lion,2016,https://boxd.it/b2La,2.5
2017-10-08,Dark City,1998,https://boxd.it/26uk,2.5
2017-10-08,Tunnel,2016,https://boxd.it/dDq8,2.5
2017-10-08,Drive,2011,https://boxd.it/IG,2.5
2017-10-08,A Pigeon Sat on a Branch Reflecting on Existence,2014,https://boxd.it/3Ifa,2.5
2017-10-08,Moana,2016,https://boxd.it/8tfY,2.5
2017-10-08,Midnight Special,2016,https://boxd.it/7dmi,2.5
2017-10-08,La La Land,2016,https://boxd.it/a5fa,2.5
2017-10-08,Enemy,2013,https://boxd.it/5xtO,2.5
2017-10-08,Spectre,2015,https://boxd.it/6bXY,2.5
2017-10-08,Fantastic Beasts and Where to Find Them,2016,https://boxd.it/7FPC,2.5
2017-10-08,Star Trek Beyond,2016,https://boxd.it/5Ik4,2.5
2017-10-08,Concussion,2015,https://boxd.it/aqIs,2.5
2017-10-08,28 Weeks Later,2007,https://boxd.it/28Bi,2.5
2017-10-08,The Lobster,2015,https://boxd.it/7tnw,2.5
2017-10-08,Anomalisa,2015,https://boxd.it/97TE,2.5
2017-10-08,Ant-Man,2015,https://boxd.it/3vmW,2.5
2017-10-08,Sin City: A Dame to Kill For,2014,https://boxd.it/2aV0,2.5
2017-10-08,Source Code,2011,https://boxd.it/fdo,2.5
2017-10-08,Noah,2014,https://boxd.it/34QA,2.5
2017-10-08,The Purge: Anarchy,2014,https://boxd.it/71zk,2.5
2017-10-08,Secret in Their Eyes,2015,https://boxd.it/96zo,2
2017-10-08,Knight of Cups,2015,https://boxd.it/34Qq,2
2017-10-08,Silence,2016,https://boxd.it/2cAo,2
2017-10-08,The Nice Guys,2016,https://boxd.it/94Hg,2
2017-10-08,Wonder Woman,2017,https://boxd.it/9roG,2
2017-10-08,Kong: Skull Island,2017,https://boxd.it/9ewM,2
2017-10-08,Camp X-Ray,2014,https://boxd.it/7biI,2
2017-10-08,War for the Planet of the Apes,2017,https://boxd.it/8FE2,2
2017-10-08,Dune,1984,https://boxd.it/29tY,2
2017-10-08,Lucy,2014,https://boxd.it/75hu,1.5
2017-10-08,Suicide Squad,2016,https://boxd.it/9row,1.5
2017-10-08,X-Men: Apocalypse,2016,https://boxd.it/7eJi,1.5
2017-10-08,Batman v Superman: Dawn of Justice,2016,https://boxd.it/6fBW,1.5
2017-10-08,Alien³,1992,https://boxd.it/20zS,1.5
2017-10-08,Hercules,2014,https://boxd.it/5B7s,1.5
2017-10-08,Oblivion,2013,https://boxd.it/2Bzq,1.5
2017-10-08,Divergent,2014,https://boxd.it/4VT0,1.5
2017-10-08,Moscow Does Not Believe in Tears,1980,https://boxd.it/1CwU,1.5
2017-10-10,The Assassination of Jesse James by the Coward Robert Ford,2007,https://boxd.it/24dG,3
2017-10-13,Blade Runner,1982,https://boxd.it/2bcA,3.5
2017-10-15,Blade Runner 2049,2017,https://boxd.it/b8wK,3
2017-10-18,I Saw the Devil,2010,https://boxd.it/FaK,2.5
2017-10-22,It Follows,2014,https://boxd.it/87wo,3
2017-10-23,Meek's Cutoff,2010,https://boxd.it/nsG,3.5
2017-10-23,The Lion King,1994,https://boxd.it/201Q,4.5
2017-10-23,Funny Games,1997,https://boxd.it/1WKM,4
2017-10-23,Spirited Away,2001,https://boxd.it/2b4m,4.5
2017-10-24,Gerald's Game,2017,https://boxd.it/buKa,2.5
2017-10-27,The Meyerowitz Stories (New and Selected),2017,https://boxd.it/dSp0,3.5
2017-10-27,Wind River,2017,https://boxd.it/dR3i,3
2017-10-29,Only Lovers Left Alive,2013,https://boxd.it/4O1U,3.5
2017-11-01,Tokyo Tribe,2014,https://boxd.it/74PU,3
2017-11-01,Mistress America,2015,https://boxd.it/9UfS,3.5
2017-11-05,Thor,2011,https://boxd.it/1WQU,2
2017-11-05,Thor: The Dark World,2013,https://boxd.it/2DqA,2.5
2017-11-06,Oldboy,2003,https://boxd.it/29R2,5
2017-11-09,Brawl in Cell Block 99,2017,https://boxd.it/dWOo,4
2017-11-13,A Ghost Story,2017,https://boxd.it/fb0K,3
2017-11-13,The Room,2003,https://boxd.it/1ICY,1
2017-11-13,The Florida Project,2017,https://boxd.it/dMG0,2.5
2017-11-15,Moonlight,2016,https://boxd.it/d6bE,5
2017-11-20,Kill Me Please,2015,https://boxd.it/cbcA,2.5
2017-11-21,Fast Five,2011,https://boxd.it/BgO,3.5
2017-11-21,Logan Lucky,2017,https://boxd.it/dZrs,3.5
2017-11-23,Lady Bird,2017,https://boxd.it/dGNE,3.5
2017-11-24,Jin-Roh: The Wolf Brigade,1999,https://boxd.it/29wS,2
2017-11-25,American Made,2017,https://boxd.it/bb66,2.5
2017-11-25,Fast & Furious 6,2013,https://boxd.it/2UG6,2.5
2017-11-26,Hunt for the Wilderpeople,2016,https://boxd.it/cTgG,4
2017-11-26,Thor: Ragnarok,2017,https://boxd.it/8MHi,3
2017-11-26,Dredd,2012,https://boxd.it/GZE,3.5
2017-12-04,Magnolia,1999,https://boxd.it/2aze,4
2017-12-06,"Three Billboards Outside Ebbing, Missouri",2017,https://boxd.it/ceBS,2.5
2017-12-07,The Truth Beneath,2016,https://boxd.it/e5K6,2.5
2017-12-08,Lady Macbeth,2016,https://boxd.it/erJk,3
2017-12-15,Star Wars: The Force Awakens,2015,https://boxd.it/4vru,3
2017-12-16,Good Time,2017,https://boxd.it/fcFu,3.5
2017-12-16,The Killing of a Sacred Deer,2017,https://boxd.it/dZ5G,4.5
2017-12-17,The Square,2017,https://boxd.it/e5YW,2.5
2017-12-17,Punch-Drunk Love,2002,https://boxd.it/20E4,3.5
2017-12-18,Bingo: The King of the Mornings,2017,https://boxd.it/fcGs,3
2017-12-19,Stronger,2017,https://boxd.it/dRqQ,3
2017-12-20,Mudbound,2017,https://boxd.it/eCsu,2.5
2017-12-22,Atomic Blonde,2017,https://boxd.it/blDk,2.5
2017-12-26,The Club,2015,https://boxd.it/amQC,3
2017-12-27,Starred Up,2013,https://boxd.it/6fRq,4
2017-12-28,Princess Mononoke,1997,https://boxd.it/2b4w,3.5
2017-12-28,Entranced Earth,1967,https://boxd.it/qkU,1.5
2017-12-30,Tangerine,2015,https://boxd.it/9QRe,3.5
2017-12-31,Jiro Dreams of Sushi,2011,https://boxd.it/2ONU,3
2018-01-01,20th Century Women,2016,https://boxd.it/bqU6,2
2018-01-04,A Quiet Passion,2016,https://boxd.it/cMXe,3.5
2018-01-07,The Incredibles,2004,https://boxd.it/1XLm,4
2018-01-08,Beach Rats,2017,https://boxd.it/f5m6,3
2018-01-08,All Is Lost,2013,https://boxd.it/4OgK,3.5
2018-01-10,Bone Tomahawk,2015,https://boxd.it/9kiw,3.5
2018-01-12,Night of the Living Dead,1968,https://boxd.it/1WwA,4
2018-01-13,Blade of the Immortal,2017,https://boxd.it/f5Pi,2.5
2018-01-14,Battle of the Sexes,2017,https://boxd.it/cNxw,2
2018-01-14,The Post,2017,https://boxd.it/fTeG,3
2018-01-15,High-Rise,2015,https://boxd.it/7tmo,1.5
2018-01-15,Paddington,2014,https://boxd.it/3RKw,3.5
2018-01-22,Call Me by Your Name,2017,https://boxd.it/dYmm,4.5
2018-01-22,Paddington 2,2017,https://boxd.it/bCF8,4
2018-01-24,Drunken Angel,1948,https://boxd.it/1uYQ,3.5
2018-01-27,Phantom Thread,2017,https://boxd.it/e4uc,4.5
2018-01-28,Hanna,2011,https://boxd.it/DBE,2
2018-01-28,The Shape of Water,2017,https://boxd.it/dZ5m,3
2018-02-05,Furious 7,2015,https://boxd.it/5cVs,2.5
2018-02-09,The Cloverfield Paradox,2018,https://boxd.it/doVA,1
2018-02-11,The Fate of the Furious,2017,https://boxd.it/bbCw,2
2018-02-16,American History X,1998,https://boxd.it/2bdo,2.5
2018-02-17,Force Majeure,2014,https://boxd.it/7UcA,3.5
2018-02-18,Resident Evil: Afterlife,2010,https://boxd.it/1bVo,1
2018-02-19,Resident Evil: Retribution,2012,https://boxd.it/2qmK,1.5
2018-02-19,Resident Evil: The Final Chapter,2016,https://boxd.it/5lqS,2.5
2018-02-19,Coco,2017,https://boxd.it/bYJQ,3.5
2018-02-27,Professor Marston and the Wonder Women,2017,https://boxd.it/eRPS,3.5
2018-03-01,Mr. Nobody,2009,https://boxd.it/1k44,3
2018-05-20,Black Panther,2018,https://boxd.it/8MHs,3
2018-05-20,Annihilation,2018,https://boxd.it/9yzm,2.5
2018-05-20,Reservoir Dogs,1992,https://boxd.it/2agc,4
2018-05-20,Kill Bill: Vol. 1,2003,https://boxd.it/70w,3.5
2018-05-20,Kill Bill: Vol. 2,2004,https://boxd.it/2au4,3
2018-05-20,Up,2009,https://boxd.it/1OEc,4
2018-05-20,Faces Places,2017,https://boxd.it/g7ck,3.5
2018-05-20,"I, Tonya",2017,https://boxd.it/dzR0,3
2018-05-20,Mustang,2015,https://boxd.it/baaw,3.5
2018-05-20,Forrest Gump,1994,https://boxd.it/728,3
2018-05-20,You Were Never Really Here,2017,https://boxd.it/dWOS,2.5
2018-05-20,A Fantastic Woman,2017,https://boxd.it/fcGi,3
2018-05-20,Ready Player One,2018,https://boxd.it/aZes,2
2018-05-20,Tickling Giants,2016,https://boxd.it/dDaY,3
2018-05-20,Munich,2005,https://boxd.it/2a0e,3
2018-05-20,Jumanji: Welcome to the Jungle,2017,https://boxd.it/bUeE,2
2018-05-20,Pete's Dragon,2016,https://boxd.it/9hza,3
2018-05-20,Audition,1999,https://boxd.it/1UHm,4.5
2018-05-20,A Quiet Place,2018,https://boxd.it/fVJQ,3
2018-05-20,Isle of Dogs,2018,https://boxd.it/dZrW,3.5
2018-05-20,Loveless,2017,https://boxd.it/fcFa,3.5
2018-05-20,Avengers: Infinity War,2018,https://boxd.it/9vEe,2
2018-05-20,Bāhubali: The Beginning,2015,https://boxd.it/7y2y,3.5
2018-05-20,Bāhubali 2: The Conclusion,2017,https://boxd.it/bMfO,3
2018-05-20,Molly's Game,2017,https://boxd.it/dSl8,3.5
2018-05-20,Red Sparrow,2018,https://boxd.it/e7Pi,2
2018-05-20,Don't Breathe,2016,https://boxd.it/9yzw,3.5
2018-05-20,The Double,2013,https://boxd.it/4DLW,2.5
2018-05-20,Tully,2018,https://boxd.it/e4kc,3
2018-05-21,Ran,1985,https://boxd.it/1Tlu,4
2018-05-23,Cargo,2017,https://boxd.it/f55Y,0.5
2018-05-29,Heat,1995,https://boxd.it/2bg8,3.5
2018-05-29,Scott Pilgrim vs. the World,2010,https://boxd.it/1Aq6,2.5
2018-05-29,Sideways,2004,https://boxd.it/1Y5c,3
2018-05-29,Deadpool,2016,https://boxd.it/9fOC,3.5
2018-06-04,The Tale,2018,https://boxd.it/cOkI,3
2018-06-04,Frances Ha,2012,https://boxd.it/41Xg,2.5
2018-06-10,Hereditary,2018,https://boxd.it/hNVe,2.5
2018-06-17,Ocean's Eight,2018,https://boxd.it/eaai,2
2018-06-21,Bokeh,2017,https://boxd.it/8SV6,2
2018-07-06,L.A. Confidential,1997,https://boxd.it/27oC,4
2018-07-06,Casino Royale,2006,https://boxd.it/1alk,3
2018-07-06,Quantum of Solace,2008,https://boxd.it/1Vs8,2
2018-07-06,Skyfall,2012,https://boxd.it/17Fc,3.5
2018-07-06,Incredibles 2,2018,https://boxd.it/7IPg,3
2018-07-06,Jurassic World: Fallen Kingdom,2018,https://boxd.it/bOnU,2
2018-07-08,Harry Potter and the Prisoner of Azkaban,2004,https://boxd.it/29Qy,3
2018-07-08,Game Night,2018,https://boxd.it/fRtu,3.5
2018-07-09,Thoroughbreds,2017,https://boxd.it/dVHQ,3
2018-07-09,Psychokinesis,2018,https://boxd.it/g7ni,1.5
2018-07-21,Pacific Rim: Uprising,2018,https://boxd.it/83Qa,1.5
2018-07-21,The 15:17 to Paris,2018,https://boxd.it/gatS,1.5
2018-07-21,Mother,2009,https://boxd.it/1m9g,4
2018-07-25,Leave No Trace,2018,https://boxd.it/fMfM,3.5
2018-08-07,Tomb Raider,2018,https://boxd.it/bgbA,2
2018-08-09,Mission: Impossible - Fallout,2018,https://boxd.it/bSVc,4
2018-08-09,Deadpool 2,2018,https://boxd.it/dlLM,2.5
2018-08-12,The Yellow Sea,2010,https://boxd.it/2j6q,3
2018-08-13,Boogie Nights,1997,https://boxd.it/23um,3
2018-08-13,The World's End,2013,https://boxd.it/3EiO,2.5
2018-08-13,The Princess Bride,1987,https://boxd.it/26EY,4
2018-08-13,Brave,2012,https://boxd.it/bVG,3
2018-08-14,Grave of the Fireflies,1988,https://boxd.it/1RUM,5
2018-08-17,The Game,1997,https://boxd.it/26vC,3.5
2018-08-18,"Lust, Caution",2007,https://boxd.it/244k,4
2018-08-19,Skyscraper,2018,https://boxd.it/fVqa,2.5
2018-08-20,Raw,2016,https://boxd.it/dLd2,2.5
2018-08-20,Revenge,2017,https://boxd.it/gL9g,3.5
2018-08-20,Before Sunset,2004,https://boxd.it/2bcg,4.5
2018-08-22,Before Midnight,2013,https://boxd.it/4ive,3
2018-08-26,BlacKkKlansman,2018,https://boxd.it/hxL8,3
2018-08-26,A Bug's Life,1998,https://boxd.it/1Yyy,3.5
2018-08-27,Jackie Brown,1997,https://boxd.it/2aVO,3.5
2018-08-27,Persona,1966,https://boxd.it/29B4,4.5
2018-08-27,Out of Sight,1998,https://boxd.it/28R6,2.5
2018-08-28,Harakiri,1962,https://boxd.it/1NTU,4.5
2018-09-02,Groundhog Day,1993,https://boxd.it/2b3e,3
2018-09-02,Brokeback Mountain,2005,https://boxd.it/2b2q,4
2018-09-04,Predestination,2014,https://boxd.it/6bJM,2.5
2018-09-04,Yi Yi,2000,https://boxd.it/1vCw,3
2018-09-09,A Simple Plan,1998,https://boxd.it/1WMo,3
2018-10-15,Whiplash,2014,https://boxd.it/7bQA,4
2018-11-30,Araby,2017,https://boxd.it/fpKs,4
2018-12-03,2001: A Space Odyssey,1968,https://boxd.it/2bf0,5
2018-12-03,Sorry to Bother You,2018,https://boxd.it/f21E,3
2018-12-03,The Wife,2017,https://boxd.it/bkzG,2.5
2018-12-03,Fahrenheit 11/9,2018,https://boxd.it/jofc,2.5
2018-12-10,Burning,2018,https://boxd.it/hHUa,4
2018-12-10,My Neighbor Totoro,1988,https://boxd.it/20eA,4
2018-12-10,First Reformed,2017,https://boxd.it/go9C,3.5
2018-12-10,Rushmore,1998,https://boxd.it/1TAO,3.5
2018-12-10,First Man,2018,https://boxd.it/cPym,3
2018-12-10,Mandy,2018,https://boxd.it/gtti,2.5
2018-12-10,Eighth Grade,2018,https://boxd.it/hDMG,3
2018-12-10,A Star Is Born,2018,https://boxd.it/aXgc,3
2018-12-10,The Old Man & the Gun,2018,https://boxd.it/fd1q,3
2018-12-11,Free Solo,2018,https://boxd.it/iEEq,3.5
2018-12-11,Suspiria,2018,https://boxd.it/cioI,3.5
2018-12-11,Widows,2018,https://boxd.it/e6gc,3
2018-12-11,Ralph Breaks the Internet,2018,https://boxd.it/edAy,3
2018-12-11,Sicario: Day of the Soldado,2018,https://boxd.it/e4fG,2
2018-12-18,The Ballad of Buster Scruggs,2018,https://boxd.it/jB2q,3.5
2018-12-18,Creed,2015,https://boxd.it/a2qk,3.5
2018-12-18,Ant-Man and the Wasp,2018,https://boxd.it/cqUW,3
2018-12-19,Wormwood,2017,https://boxd.it/hlWe,3.5
2018-12-20,Outlaw King,2018,https://boxd.it/gcxi,3.5
2018-12-20,Venom,2018,https://boxd.it/b8wA,2
2018-12-20,Aladdin,1992,https://boxd.it/29yE,3
2018-12-21,Wildlife,2018,https://boxd.it/eKYe,3.5
2018-12-22,Lost in Translation,2003,https://boxd.it/2b0E,3
2018-12-22,Creed II,2018,https://boxd.it/hgl8,2
2018-12-22,Happy as Lazzaro,2018,https://boxd.it/hiVs,3
2018-12-22,Private Life,2018,https://boxd.it/gn9Q,3.5
2018-12-22,Support the Girls,2018,https://boxd.it/ghHs,4
2018-12-23,Upgrade,2018,https://boxd.it/i4gW,2.5
2018-12-23,Let the Sunshine In,2017,https://boxd.it/fhr8,2.5
2018-12-23,Crazy Rich Asians,2018,https://boxd.it/gfnK,2.5
2018-12-28,Vertigo,1958,https://boxd.it/2apI,5
2018-12-31,Bird Box,2018,https://boxd.it/eh1i,1.5
2018-12-31,Life of Brian,1979,https://boxd.it/2a4q,3
2019-01-05,The House That Jack Built,2018,https://boxd.it/dWO4,3.5
2019-01-06,Spider-Man: Into the Spider-Verse,2018,https://boxd.it/azpY,3.5
2019-01-06,The Mule,2018,https://boxd.it/idcY,3
2019-01-06,The Favourite,2018,https://boxd.it/d2hI,4
2019-01-07,The Night Comes for Us,2018,https://boxd.it/g2lc,2
2019-01-07,Madeline's Madeline,2018,https://boxd.it/gNmw,1.5
2019-01-08,Under the Silver Lake,2018,https://boxd.it/dSAs,3
2019-01-09,Lean on Pete,2017,https://boxd.it/emgM,3.5
2019-01-09,Roma,2018,https://boxd.it/f69M,3
2019-01-09,Sympathy for Lady Vengeance,2005,https://boxd.it/248G,2.5
2019-01-11,Passengers,2016,https://boxd.it/8lFu,3
2019-01-11,Mary Queen of Scots,2018,https://boxd.it/gkaG,2.5
2019-01-13,If Beale Street Could Talk,2018,https://boxd.it/gGhu,3.5
2019-01-13,Guardians of the Galaxy Vol. 2,2017,https://boxd.it/8MxC,3
2019-01-14,Attack the Block,2011,https://boxd.it/hFO,3
2019-01-14,The Rider,2017,https://boxd.it/gazw,3.5
2019-01-14,Unbreakable,2000,https://boxd.it/1XV2,2.5
2019-01-14,Throne of Blood,1957,https://boxd.it/251w,4
2019-01-18,Three Kings,1999,https://boxd.it/21IG,3.5
2019-01-18,Mission: Impossible - Ghost Protocol,2011,https://boxd.it/psI,3
2019-02-03,Shoplifters,2018,https://boxd.it/ifY6,4.5
2019-02-04,Haywire,2011,https://boxd.it/2tx2,3.5
2019-04-08,Only Angels Have Wings,1939,https://boxd.it/Ttw,4
2019-04-08,Superbad,2007,https://boxd.it/20hO,3
2019-04-08,Searching,2018,https://boxd.it/hDPg,2.5
2019-04-09,Blindspotting,2018,https://boxd.it/hDMw,3
2019-04-09,Léon: The Professional,1994,https://boxd.it/2b8S,3.5
2019-04-09,The Last Race,2018,https://boxd.it/hG4M,3.5
2019-04-09,Death Proof,2007,https://boxd.it/27GG,4.5
2019-04-10,Drug War,2012,https://boxd.it/3IcK,3.5
2019-04-11,Manhattan,1979,https://boxd.it/29Na,4
2019-04-11,Zombieland,2009,https://boxd.it/1En6,1.5
2019-04-12,Cold War,2018,https://boxd.it/fEoc,3.5
2019-04-12,The Driver,1978,https://boxd.it/27jW,3
2019-04-12,Inglourious Basterds,2009,https://boxd.it/1JzG,3
2019-04-12,Django Unchained,2012,https://boxd.it/2cCk,3.5
2019-04-12,Mirai,2018,https://boxd.it/h2Hu,2.5
2019-04-13,The Hateful Eight,2015,https://boxd.it/8gw8,4
2019-04-16,Pulp Fiction,1994,https://boxd.it/29Pq,4
2019-04-17,"What's Up, Doc?",1972,https://boxd.it/21iy,2
2019-04-17,A Private War,2018,https://boxd.it/h2Mu,2.5
2019-04-17,"Hail, Caesar!",2016,https://boxd.it/881G,2
2019-04-17,The Disaster Artist,2017,https://boxd.it/cTqc,3
2019-04-19,A Separation,2011,https://boxd.it/gvo,4.5
2019-04-19,Magic Mike,2012,https://boxd.it/2HvY,2.5
2019-04-22,High Flying Bird,2019,https://boxd.it/itka,2.5
2019-04-22,Magic Mike XXL,2015,https://boxd.it/7TTS,3.5
2019-04-23,The Matrix,1999,https://boxd.it/2a1m,4.5
2019-04-23,Contagion,2011,https://boxd.it/13rq,3
2019-04-24,Things to Come,2016,https://boxd.it/d0wc,3.5
2019-04-25,The Color Purple,1985,https://boxd.it/29oO,2
2019-04-25,The Edge of Seventeen,2016,https://boxd.it/d5nu,2.5
2019-05-01,Ghost World,2001,https://boxd.it/28Dy,4
2019-05-01,Us,2019,https://boxd.it/gnV6,2.5
2019-05-01,Bumblebee,2018,https://boxd.it/f21O,2
2019-05-01,On the Basis of Sex,2018,https://boxd.it/bhDq,2
2019-05-01,Monty Python and the Holy Grail,1975,https://boxd.it/29GI,2.5
2019-05-02,Margaret,2011,https://boxd.it/2kbm,4.5
2019-05-03,Staying Vertical,2016,https://boxd.it/dfda,2.5
2019-05-03,Shazam!,2019,https://boxd.it/8WBu,3
2019-05-03,The Spy Who Dumped Me,2018,https://boxd.it/geEg,3
2019-05-03,Zama,2017,https://boxd.it/aDDq,2.5
2019-05-03,Climax,2018,https://boxd.it/ikvo,4
2019-05-04,Dragged Across Concrete,2018,https://boxd.it/fAly,3.5
2019-05-04,Blood Simple,1984,https://boxd.it/1U16,3.5
2019-05-05,Certified Copy,2010,https://boxd.it/IMW,3.5
2019-05-06,The Silence of the Lambs,1991,https://boxd.it/2aHW,2.5
2019-05-11,Cléo from 5 to 7,1962,https://boxd.it/2agm,2.5
2019-05-12,Everybody Knows,2018,https://boxd.it/e6AG,3.5
2019-05-12,Chocolat,2000,https://boxd.it/2aue,2
2019-05-13,John Wick,2014,https://boxd.it/7dEc,3.5
2019-05-13,"Sex, Lies, and Videotape",1989,https://boxd.it/28Oc,4
2019-05-13,Arctic,2018,https://boxd.it/gc1Q,3
2019-05-14,Avengers: Endgame,2019,https://boxd.it/9vE4,3
2019-05-16,The Elephant Man,1980,https://boxd.it/27LQ,3.5
2019-05-16,Black Girl,1966,https://boxd.it/3jIQ,2.5
2019-05-16,The Royal Tenenbaums,2001,https://boxd.it/1YHU,3.5
2019-05-18,Stranger Than Paradise,1984,https://boxd.it/2ajU,3.5
2019-05-18,Uncle Boonmee Who Can Recall His Past Lives,2010,https://boxd.it/168Q,2.5
2019-05-18,High Life,2018,https://boxd.it/d6bk,2.5
2019-05-18,Fighting with My Family,2019,https://boxd.it/fRyO,2.5
2019-05-18,The Hate U Give,2018,https://boxd.it/gQyg,2.5
2019-05-18,Modern Times,1936,https://boxd.it/25MC,3
2019-05-19,Triple Frontier,2019,https://boxd.it/dZUO,3
2019-05-24,Glass,2019,https://boxd.it/g3uO,1.5
2019-06-13,Three Colors: Blue,1993,https://boxd.it/2b7K,4
2019-06-13,Her Smell,2018,https://boxd.it/iT5q,4
2019-06-13,Chungking Express,1994,https://boxd.it/1UDa,4.5
2019-06-15,Wild at Heart,1990,https://boxd.it/2aii,2
2019-06-15,Buffalo '66,1998,https://boxd.it/1YC6,4
2019-06-15,Fish Tank,2009,https://boxd.it/1xBg,3
2019-06-15,Ikiru,1952,https://boxd.it/251c,3
2019-06-15,Pokémon Detective Pikachu,2019,https://boxd.it/fVA0,1.5
2019-12-08,Paths of Glory,1957,https://boxd.it/29b6,5
2019-12-08,John Wick: Chapter 3 - Parabellum,2019,https://boxd.it/gmFw,2.5
2019-12-08,The Great Dictator,1940,https://boxd.it/29ic,2.5
2019-12-08,A Simple Favor,2018,https://boxd.it/hq92,3
2019-12-08,Brick,2005,https://boxd.it/1Z6A,3.5
2019-12-08,Valhalla Rising,2009,https://boxd.it/17lc,2
2019-12-08,Vox Lux,2018,https://boxd.it/fcFk,2
2019-12-08,Girl,2018,https://boxd.it/iGU6,3
2019-12-08,Booksmart,2019,https://boxd.it/igNS,3
2019-12-09,Opening Night,1977,https://boxd.it/1f4e,2
2019-12-09,Constantine,2005,https://boxd.it/2a7E,3
2019-12-09,The Day He Arrives,2011,https://boxd.it/31L8,3
2019-12-09,Anatomy of a Murder,1959,https://boxd.it/2baa,4
2019-12-09,Badlands,1973,https://boxd.it/25Fm,3.5
2019-12-09,Rocketman,2019,https://boxd.it/iehK,2.5
2019-12-09,Captain Marvel,2019,https://boxd.it/9vSA,1.5
2019-12-09,Bad Times at the El Royale,2018,https://boxd.it/fSA2,2
2019-12-09,Toy Story,1995,https://boxd.it/29qA,4.5
2019-12-09,Toy Story 2,1999,https://boxd.it/29qq,5
2019-12-09,Toy Story 3,2010,https://boxd.it/1WRe,3.5
2019-12-09,Yojimbo,1961,https://boxd.it/1SRY,3
2019-12-09,Raiders of the Lost Ark,1981,https://boxd.it/2bbs,3.5
2019-12-09,North by Northwest,1959,https://boxd.it/2aRM,4
2019-12-09,Computer Chess,2013,https://boxd.it/4Y1g,3
2019-12-09,Long Day's Journey Into Night,2018,https://boxd.it/hw1I,2.5
2019-12-09,Toy Story 4,2019,https://boxd.it/9ALu,3.5
2019-12-09,Batman Begins,2005,https://boxd.it/2aIg,3.5
2019-12-09,The Dark Knight,2008,https://boxd.it/2b0k,5
2019-12-09,The Terminator,1984,https://boxd.it/2aQY,4
2019-12-09,The Souvenir,2019,https://boxd.it/gXU4,4
2019-12-10,American Psycho,2000,https://boxd.it/28Vs,2.5
2019-12-10,Secret Sunshine,2007,https://boxd.it/27CY,3
2019-12-10,The Dark Knight Rises,2012,https://boxd.it/H3m,2
2019-12-10,The Dead Don't Die,2019,https://boxd.it/juZg,2.5
2019-12-10,The Farewell,2019,https://boxd.it/kIky,3.5
2019-12-10,The Last Black Man in San Francisco,2019,https://boxd.it/iWAw,3
2019-12-18,Once Upon a Time… in Hollywood,2019,https://boxd.it/gH0O,3.5
2019-12-18,Crimes and Misdemeanors,1989,https://boxd.it/1Ty4,4
2019-12-18,The Sword of Doom,1966,https://boxd.it/1EoS,3
2019-12-18,Aquaman,2018,https://boxd.it/9ru0,2
2019-12-18,Alita: Battle Angel,2019,https://boxd.it/e0rS,2
2019-12-19,Bacurau,2019,https://boxd.it/fSUG,3
2019-12-19,Godzilla: King of the Monsters,2019,https://boxd.it/cY7Y,1.5
2019-12-19,It Chapter Two,2019,https://boxd.it/h10u,1.5
2019-12-19,Ad Astra,2019,https://boxd.it/ePzI,2.5
2019-12-19,Midsommar,2019,https://boxd.it/jhxe,2.5
2019-12-19,The Breadwinner,2017,https://boxd.it/frLs,3
2019-12-19,The Godfather,1972,https://boxd.it/2aNK,4
2019-12-19,Joker,2019,https://boxd.it/h4cS,1.5
2019-12-19,Yesterday,2019,https://boxd.it/iF7M,3
2019-12-19,"Where'd You Go, Bernadette",2019,https://boxd.it/efuC,2
2019-12-19,El Camino: A Breaking Bad Movie,2019,https://boxd.it/kv0q,2.5
2019-12-19,12 Angry Men,1957,https://boxd.it/2auI,4
2019-12-19,Parasite,2019,https://boxd.it/hTha,4
2019-12-20,Eraserhead,1977,https://boxd.it/299u,4
2019-12-20,Tramps,2016,https://boxd.it/ewLA,3
2019-12-20,Nocturama,2016,https://boxd.it/dfdk,3.5
2019-12-20,The Arbor,2010,https://boxd.it/isQ,4
2019-12-20,Hustlers,2019,https://boxd.it/jIBM,3
2019-12-20,The Irishman,2019,https://boxd.it/dYOq,3.5
2019-12-20,Ford v Ferrari,2019,https://boxd.it/ce74,3.5
2019-12-20,Knives Out,2019,https://boxd.it/jWEA,4
2019-12-21,The Report,2019,https://boxd.it/j2X2,3
2019-12-21,Marriage Story,2019,https://boxd.it/hJAw,3
2019-12-21,Thelma & Louise,1991,https://boxd.it/28Ew,3.5
2019-12-21,Match Point,2005,https://boxd.it/2b6s,3.5
2019-12-21,Tomboy,2011,https://boxd.it/49U,3.5
2019-12-21,"Aguirre, the Wrath of God",1972,https://boxd.it/27Fe,3
2019-12-21,Knocked Up,2007,https://boxd.it/23yS,3
2019-12-21,Fast & Furious Presents: Hobbs & Shaw,2019,https://boxd.it/dnDA,2.5
2019-12-23,I Lost My Body,2019,https://boxd.it/lAYs,4
2019-12-24,Atlantics,2019,https://boxd.it/hVEK,3
2019-12-24,"Black Coal, Thin Ice",2014,https://boxd.it/7xaw,3.5
2019-12-26,Star Wars: The Rise of Skywalker,2019,https://boxd.it/5xlK,1.5
2020-01-01,Son of Saul,2015,https://boxd.it/b6r4,3.5
2020-01-01,Leviathan,2012,https://boxd.it/4bBO,3
2020-01-01,Asako I & II,2018,https://boxd.it/hyNk,3
2020-01-05,Peterloo,2018,https://boxd.it/e02S,2.5
2020-01-06,The Nightingale,2018,https://boxd.it/e1Ga,3
2020-01-13,Beanpole,2019,https://boxd.it/iK9S,3.5
2020-01-13,The Ballad of Narayama,1958,https://boxd.it/3SPW,3.5
2020-01-13,The Lighthouse,2019,https://boxd.it/icFU,3
2020-01-14,Fallen Angels,1995,https://boxd.it/1UkW,3.5
2020-01-14,Little Women,2019,https://boxd.it/aSVk,3
2020-01-14,Portrait of a Lady on Fire,2019,https://boxd.it/jkPq,5
2020-01-15,The Edge of Democracy,2019,https://boxd.it/kLiA,3
2020-01-16,My Life as a Zucchini,2016,https://boxd.it/dL2y,3
2020-01-29,Hunger,2008,https://boxd.it/1Wso,3
2020-01-30,A Beautiful Day in the Neighborhood,2019,https://boxd.it/i7vA,3
2020-02-03,Les Misérables,2019,https://boxd.it/lAPA,2.5
2020-02-03,Dark Star,1974,https://boxd.it/28Ow,3
2020-02-03,THX 1138,1971,https://boxd.it/29Ww,2
2020-02-03,1917,2019,https://boxd.it/jj4y,2.5
2020-02-04,Uncut Gems,2019,https://boxd.it/gXGc,3.5
2020-02-06,La Haine,1995,https://boxd.it/2as8,4
2020-02-06,The Killing,1956,https://boxd.it/2aMi,2.5
2020-02-06,Jojo Rabbit,2019,https://boxd.it/iEBG,2
2020-02-10,Klaus,2019,https://boxd.it/ipoi,2.5
2020-03-23,Adaptation.,2002,https://boxd.it/26mA,4
2020-09-07,Alice Doesn't Live Here Anymore,1974,https://boxd.it/1KIa,3.5
2020-09-07,Taxi Driver,1976,https://boxd.it/2b8y,4
2020-09-08,Shutter Island,2010,https://boxd.it/1U82,3.5
2020-09-08,Raging Bull,1980,https://boxd.it/28yI,4.5
2020-09-08,Escape from New York,1981,https://boxd.it/294k,2.5
2020-09-08,American Gigolo,1980,https://boxd.it/26l8,3.5
2020-09-08,Light of My Life,2019,https://boxd.it/fGxK,3.5
2020-09-08,Jerry Maguire,1996,https://boxd.it/1YNS,2.5
2020-09-08,Fantastic Mr. Fox,2009,https://boxd.it/1WyQ,3
2020-09-08,Following,1998,https://boxd.it/1Tj4,3
2020-09-08,Bombshell,2019,https://boxd.it/j5YC,2
2020-09-08,Caché,2005,https://boxd.it/2amY,3.5
2020-09-08,The Thin Blue Line,1988,https://boxd.it/1OnK,4.5
2020-09-08,The Invisible Man,2020,https://boxd.it/kWlA,3
2020-09-14,Under the Shadow,2016,https://boxd.it/d1uG,2
2020-11-26,Sisters of the Gion,1936,https://boxd.it/2AC4,3.5
2020-11-26,Transit,2018,https://boxd.it/gUK6,3
2020-11-26,Ash Is Purest White,2018,https://boxd.it/fH5C,3.5
2020-11-26,Castle in the Sky,1986,https://boxd.it/1W4G,3.5
2020-11-26,The Duke of Burgundy,2014,https://boxd.it/7kwu,4
2020-11-26,The River Fuefuki,1960,https://boxd.it/6vEs,3.5
2020-11-26,Elle,2016,https://boxd.it/bdhq,3
2020-11-26,World War Z,2013,https://boxd.it/2p2E,3
2020-11-26,Dark Waters,2019,https://boxd.it/kaYu,3
2020-11-26,Take Shelter,2011,https://boxd.it/DQ,3.5
2020-11-26,Twenty-Four Eyes,1954,https://boxd.it/UJA,4.5
2020-11-26,Hold the Dark,2018,https://boxd.it/dQPg,2
2020-11-26,The Deep Blue Sea,2011,https://boxd.it/A4C,3.5
2020-11-26,"One, Two, Three",1961,https://boxd.it/2ap4,3.5
2020-11-26,Dogtooth,2009,https://boxd.it/158K,4
2020-11-26,Moonrise Kingdom,2012,https://boxd.it/2Wng,4
2020-11-26,Margin Call,2011,https://boxd.it/CJ8,3
2020-11-26,The Social Network,2010,https://boxd.it/17ue,4
2020-11-26,The Spanish Prisoner,1997,https://boxd.it/1nZW,3
2020-11-26,Underwater,2020,https://boxd.it/fN4q,2
2020-11-26,One Cut of the Dead,2017,https://boxd.it/iAFu,3
2020-11-26,The Piano Teacher,2001,https://boxd.it/2886,4
2020-11-26,Onward,2020,https://boxd.it/io92,3.5
2020-11-26,Redline,2009,https://boxd.it/2pQ0,3
2020-11-26,Sergio,2020,https://boxd.it/oiQ2,2.5
2020-11-26,Blue Collar,1978,https://boxd.it/1Nhm,4
2020-11-26,Good Bye Lenin!,2003,https://boxd.it/2ayA,3
2020-11-26,Crimson Peak,2015,https://boxd.it/62Ty,2.5
2020-11-26,"Kumiko, the Treasure Hunter",2014,https://boxd.it/7bqC,2.5
2020-11-26,Fight Club,1999,https://boxd.it/2a9q,3.5
2020-11-26,Porco Rosso,1992,https://boxd.it/1Tp2,4
2020-11-26,The Limey,1999,https://boxd.it/1Woc,3
2020-11-26,Unforgiven,1992,https://boxd.it/6Z4,3.5
2020-11-26,Just Heroes,1989,https://boxd.it/2Bmm,3.5
2020-11-26,Se7en,1995,https://boxd.it/29zs,4.5
2020-11-26,The Remains of the Day,1993,https://boxd.it/291A,3.5
2020-11-26,Panic Room,2002,https://boxd.it/2490,4
2020-11-26,The Hours,2002,https://boxd.it/2a3s,3.5
2020-11-26,Dead Calm,1989,https://boxd.it/1W7K,3.5
2020-11-26,Jurassic Park,1993,https://boxd.it/2aA2,4
2020-11-26,Da 5 Bloods,2020,https://boxd.it/lnXw,3.5
2020-11-26,Twenty Years Later,1984,https://boxd.it/33Oo,3.5
2020-11-26,The Old Guard,2020,https://boxd.it/jY2e,2.5
2020-11-26,The Girl with the Dragon Tattoo,2011,https://boxd.it/2Pa,3.5
2020-11-26,Greyhound,2020,https://boxd.it/iIaE,2.5
2020-11-26,Casa Grande,2014,https://boxd.it/81AO,3
2020-11-26,Miami Vice,2006,https://boxd.it/2bbW,3.5
2020-11-26,An Easy Girl,2019,https://boxd.it/l8fk,3
2020-11-26,Divine Love,2019,https://boxd.it/iegC,2.5
2020-11-26,Halloween,1978,https://boxd.it/2wRu,3.5
2020-11-26,Narcissus Off Duty,2020,https://boxd.it/rixg,2
2020-11-26,I'm Thinking of Ending Things,2020,https://boxd.it/i4IQ,4
2020-11-26,The Devil All the Time,2020,https://boxd.it/i2tY,2.5
2020-11-26,Dick Johnson Is Dead,2020,https://boxd.it/oigy,3.5
2020-11-26,Paddleton,2019,https://boxd.it/j4YQ,3
2020-11-26,The Trial of the Chicago 7,2020,https://boxd.it/kn3w,3
2020-11-26,Tenet,2020,https://boxd.it/leq4,3
2020-11-26,Birds of Prey (and the Fantabulous Emancipation of One Harley Quinn),2020,https://boxd.it/hSyO,2.5
2020-11-26,Psycho,1960,https://boxd.it/2ab2,4
2020-11-26,Joint Security Area,2000,https://boxd.it/26Ja,4
2020-11-26,Barking Dogs Never Bite,2000,https://boxd.it/1BLa,3
2020-11-26,The Player,1992,https://boxd.it/1WlM,3.5
2020-11-26,Nowhere to Hide,1999,https://boxd.it/1vmS,3.5
2020-11-26,Water Lilies,2007,https://boxd.it/1VjK,3
2020-11-26,Citizen Kane,1941,https://boxd.it/71O,4
2020-11-26,Mulan,2020,https://boxd.it/bbK6,1
2020-11-27,Mank,2020,https://boxd.it/mIuC,3
2020-11-29,Mangrove,2020,https://boxd.it/qEAa,2.5
2020-11-29,Snowpiercer,2013,https://boxd.it/3Icg,4
2020-12-06,Girlhood,2014,https://boxd.it/7WyI,4
2020-12-06,Zodiac,2007,https://boxd.it/27MO,4.5
2020-12-06,The Quiet Family,1998,https://boxd.it/2Bes,2.5
2020-12-12,The Ascent,1977,https://boxd.it/Eew,3.5
2020-12-12,Yentl,1983,https://boxd.it/1WFs,3
2020-12-24,Lovers Rock,2020,https://boxd.it/qEAk,4
2020-12-25,Ratatouille,2007,https://boxd.it/27ww,3.5
2020-12-25,Central Station,1998,https://boxd.it/29RG,3.5
2020-12-25,Emicida: AmarElo - It's All for Yesterday,2020,https://boxd.it/sLK6,2.5
2020-12-25,"Red, White and Blue",2020,https://boxd.it/siQE,3.5
2020-12-25,First Cow,2019,https://boxd.it/krga,3
2020-12-25,Ma Rainey's Black Bottom,2020,https://boxd.it/mLcm,2.5
2020-12-25,"Crouching Tiger, Hidden Dragon",2000,https://boxd.it/2b1M,3.5
2020-12-25,Christine,2016,https://boxd.it/bhFm,3
2020-12-26,Soul,2020,https://boxd.it/ioLA,2.5
2020-12-27,A Christmas Tale,2008,https://boxd.it/1ZEs,4
2020-12-27,Alex Wheatle,2020,https://boxd.it/sff6,3
2020-12-27,House of Games,1987,https://boxd.it/1tji,3.5
2020-12-28,Another Round,2020,https://boxd.it/lkba,3.5
2020-12-29,Standard Operating Procedure,2008,https://boxd.it/1ZLe,3.5
2020-12-29,The Vast of Night,2019,https://boxd.it/kJyc,2.5
2020-12-29,Mulan,1998,https://boxd.it/1VFw,2.5
2020-12-30,Never Rarely Sometimes Always,2020,https://boxd.it/lWJk,3.5
2020-12-31,Sound of Metal,2019,https://boxd.it/i7Q4,3
2020-12-31,Hard Boiled,1992,https://boxd.it/1T6a,3.5
2021-01-01,Gone Girl,2014,https://boxd.it/6hQu,3.5
2021-01-02,The Last Stand,2013,https://boxd.it/2Eao,3
2021-01-03,Basic Sanitation: The Movie,2007,https://boxd.it/1oC,3
2021-01-03,Education,2020,https://boxd.it/sTpK,3
2021-01-03,The Woman Who Ran,2020,https://boxd.it/oEEi,2.5
2021-01-04,Possessor,2020,https://boxd.it/fsJW,3.5
2021-01-04,"Monsters, Inc.",2001,https://boxd.it/2a46,4
2021-01-05,Unstoppable,2010,https://boxd.it/SVO,3.5
2021-01-05,Speed Racer,2008,https://boxd.it/20UQ,4
2021-01-10,Finding Nemo,2003,https://boxd.it/72i,2.5
2021-01-10,Brazil,1985,https://boxd.it/2be2,3
2021-01-11,Videodrome,1983,https://boxd.it/29uC,3.5
2021-01-15,Lupin the Third: The Castle of Cagliostro,1979,https://boxd.it/1Mn4,3
2021-01-18,The Call,2020,https://boxd.it/l94W,3
2021-01-22,Tremors,1990,https://boxd.it/1YSe,3
2021-01-24,They Live,1988,https://boxd.it/20lm,3.5
2021-01-24,The Wild Bunch,1969,https://boxd.it/2a5y,3.5
2021-01-26,Once Upon a Time in the West,1968,https://boxd.it/2az4,4.5
2021-01-26,The Assistant,2019,https://boxd.it/neWo,3
2021-01-26,WALL·E,2008,https://boxd.it/1VEo,4
2021-01-31,Monsters University,2013,https://boxd.it/bQm,2
2021-01-31,Swallow,2019,https://boxd.it/lA0i,3.5
2021-02-07,One Night in Miami...,2020,https://boxd.it/oCUo,3
2021-02-07,The Night of the Hunter,1955,https://boxd.it/25HW,3
2021-02-08,Atonement,2007,https://boxd.it/24ui,3.5
2021-02-08,The Guilty,2018,https://boxd.it/hw9i,3
2021-02-12,The Green Fog,2017,https://boxd.it/fW4a,2
2021-02-14,Malcolm X,1992,https://boxd.it/27WE,4
2021-02-15,Public Speaking,2010,https://boxd.it/toU,3
2021-02-15,Space Sweepers,2021,https://boxd.it/lnnI,2
2021-02-15,Judas and the Black Messiah,2021,https://boxd.it/lsew,3
2021-02-22,Promising Young Woman,2020,https://boxd.it/loRE,2.5
2021-02-22,Wolfwalkers,2020,https://boxd.it/fGrC,3.5
2021-02-23,I Care a Lot,2020,https://boxd.it/mcHk,2
2021-02-26,But I'm a Cheerleader,1999,https://boxd.it/1CW4,3
2021-02-28,Days of Heaven,1978,https://boxd.it/1JRg,4
2021-03-02,Minari,2020,https://boxd.it/mL9M,3.5
2021-03-08,Assault on Precinct 13,1976,https://boxd.it/1I2c,3
2021-03-08,Shithouse,2020,https://boxd.it/nCFc,3.5
2021-03-15,Universal Soldier: Day of Reckoning,2012,https://boxd.it/433O,3
2021-03-22,The 400 Blows,1959,https://boxd.it/2b1C,3.5
2021-03-22,Nomadland,2020,https://boxd.it/lnRy,4
2021-03-30,Blackhat,2015,https://boxd.it/62Te,3
2021-04-03,Down with Love,2003,https://boxd.it/1VyA,2.5
2021-04-03,Godzilla vs. Kong,2021,https://boxd.it/e0qK,2.5
2021-04-04,The White Tiger,2021,https://boxd.it/nhg6,2
2021-04-05,Good Morning,1959,https://boxd.it/2lkk,3.5
2021-04-09,Pieces of a Woman,2020,https://boxd.it/nOrQ,3
2021-04-13,Humpday,2009,https://boxd.it/1ySC,3.5
2021-04-13,Allied,2016,https://boxd.it/cP42,2.5
2021-04-25,Nobody,2021,https://boxd.it/mLqS,2.5
2021-05-17,Below Zero,2021,https://boxd.it/lDY6,2
2021-05-17,The Mitchells vs. The Machines,2021,https://boxd.it/i7xm,3
2021-05-17,They Don't Wear Black Tie,1981,https://boxd.it/66nQ,3.5
2021-05-17,La Cérémonie,1995,https://boxd.it/287C,3.5
2021-05-17,The Informer,2019,https://boxd.it/gGJI,3
2021-05-17,Steve Jobs,2015,https://boxd.it/araG,3
2021-05-17,The Father,2020,https://boxd.it/m8Ie,4
2021-05-22,"Quo vadis, Aida?",2020,https://boxd.it/riws,3.5
2021-05-22,Bound,1996,https://boxd.it/1Z1g,3
2021-05-22,The Nest,2020,https://boxd.it/jTqq,2.5
2021-05-23,Army of the Dead,2021,https://boxd.it/ic7S,2.5
2021-05-30,The Matrix Reloaded,2003,https://boxd.it/2a1c,4
2021-06-01,The Distinguished Citizen,2016,https://boxd.it/enGc,3.5
2021-07-03,Bo Burnham: Inside,2021,https://boxd.it/v2uy,3.5
2021-07-03,"Faster, Pussycat! Kill! Kill!",1965,https://boxd.it/2aBO,2.5
2021-07-03,Bridesmaids,2011,https://boxd.it/rac,2.5
2021-07-03,The Matrix Revolutions,2003,https://boxd.it/2a12,3
2021-07-03,Luca,2021,https://boxd.it/ipjC,2.5
2021-07-03,Wrath of Man,2021,https://boxd.it/nEia,3
2021-07-03,Run,2020,https://boxd.it/jVM4,2.5
2021-07-03,The Invisible Guest,2016,https://boxd.it/euce,3
2021-07-03,The Kids Are All Right,2010,https://boxd.it/13f0,3
2021-07-03,Dersu Uzala,1975,https://boxd.it/1XRO,3.5
2021-07-03,A Quiet Place Part II,2020,https://boxd.it/iTx0,2.5
2021-07-04,The Tomorrow War,2021,https://boxd.it/lE78,2.5
2021-07-08,No Sudden Move,2021,https://boxd.it/o7WS,3
2021-07-08,Dawn of the Dead,2004,https://boxd.it/29gK,2.5
2021-07-14,Blow Out,1981,https://boxd.it/1TlE,4
2021-07-14,The Gift,2015,https://boxd.it/aJMy,3
2021-07-24,Those Who Wish Me Dead,2021,https://boxd.it/lgeu,3
2021-11-29,Tangled,2010,https://boxd.it/15gO,3
2021-11-29,Best in Show,2000,https://boxd.it/1Pqq,3.5
2021-11-29,Terminator 2: Judgment Day,1991,https://boxd.it/2aGY,4
2021-11-29,The Swordsman,2020,https://boxd.it/hJhE,2.5
2021-11-29,F9,2021,https://boxd.it/dqsU,3
2021-11-29,The Fast and the Furious: Tokyo Drift,2006,https://boxd.it/1Yeo,3.5
2021-11-29,Fast & Furious,2009,https://boxd.it/1Pnm,3
2021-11-29,Safe,1995,https://boxd.it/1gKU,3
2021-11-29,Old,2021,https://boxd.it/npKI,2.5
2021-11-29,The Fog,1980,https://boxd.it/29Cc,2.5
2021-11-29,Moonstruck,1987,https://boxd.it/27zg,3.5
2021-11-29,The Suicide Squad,2021,https://boxd.it/fw6O,3
2021-11-29,Flowers of Shanghai,1998,https://boxd.it/Omq,4
2021-11-29,25th Hour,2002,https://boxd.it/28LC,4
2021-11-29,Malignant,2021,https://boxd.it/mViE,3
2021-11-29,After Hours,1985,https://boxd.it/1VfS,3.5
2021-11-29,Shang-Chi and the Legend of the Ten Rings,2021,https://boxd.it/kLDI,2.5
2021-11-29,Cure,1997,https://boxd.it/1blA,4
2021-11-29,In the Cut,2003,https://boxd.it/1V12,3
2021-11-29,No Time to Die,2021,https://boxd.it/cPX2,3
2021-11-29,The Counselor,2013,https://boxd.it/3G6K,3
2021-11-29,Baghdad in My Shadow,2019,https://boxd.it/hB1y,2.5
2021-11-29,The Last Duel,2021,https://boxd.it/mQbe,3
2021-11-29,Dune,2021,https://boxd.it/fA7G,3
2021-11-29,Ace in the Hole,1951,https://boxd.it/1vXk,3.5
2021-11-29,Jennifer's Body,2009,https://boxd.it/1Efw,2.5
2021-11-29,Marighella,2019,https://boxd.it/i3RC,3
2021-11-29,Ema,2019,https://boxd.it/jHWa,2.5
2021-11-29,Venom: Let There Be Carnage,2021,https://boxd.it/llco,2.5
2021-11-29,7 Prisoners,2021,https://boxd.it/txOU,2.5
2021-11-29,The Card Counter,2021,https://boxd.it/nTH0,3.5
2021-11-29,Last Night in Soho,2021,https://boxd.it/lbJC,2
2021-11-29,Passing,2021,https://boxd.it/jKdM,2.5
2021-12-01,House of Gucci,2021,https://boxd.it/nVkC,3
2021-12-02,The French Dispatch,2021,https://boxd.it/jLP8,3.5
2021-12-05,"Paris, 13th District",2021,https://boxd.it/s0Ky,3
2021-12-05,Men in Black,1997,https://boxd.it/2a0I,3
2021-12-07,Pig,2021,https://boxd.it/nzoW,4
2021-12-07,A Tale of Love and Desire,2021,https://boxd.it/uVsU,2.5
2021-12-13,West Side Story,1961,https://boxd.it/28dK,3
2021-12-13,The Martian,2015,https://boxd.it/8SeG,4
2021-12-13,The Piano,1993,https://boxd.it/29Kq,3.5
2021-12-14,Shiva Baby,2020,https://boxd.it/oIv0,3
2021-12-16,Star Wars: The Last Jedi,2017,https://boxd.it/5xme,3
2021-12-16,Zootopia,2016,https://boxd.it/84xS,3
2021-12-19,The Legend of Hei,2019,https://boxd.it/mWC6,3
2021-12-23,Raya and the Last Dragon,2021,https://boxd.it/jbkI,2
2021-12-24,The Matrix Resurrections,2021,https://boxd.it/n87k,2.5
2021-12-28,Stillwater,2021,https://boxd.it/mNPq,3
2021-12-29,Manchester by the Sea,2016,https://boxd.it/b2L0,5
2021-12-29,Inside Out,2015,https://boxd.it/4KHC,3.5
2021-12-31,The Woman in the Window,2021,https://boxd.it/iT56,2.5
2022-01-04,I'm Your Man,2021,https://boxd.it/tWcG,3
2022-01-05,Annette,2021,https://boxd.it/f0RS,4
2022-01-07,The Harder They Fall,2021,https://boxd.it/mRCU,2
2022-01-07,The Power of the Dog,2021,https://boxd.it/m99E,3
2022-01-10,The Lost Daughter,2021,https://boxd.it/kgww,3
2022-01-10,Jupiter Ascending,2015,https://boxd.it/2Evm,1.5
2022-01-10,Mean Girls,2004,https://boxd.it/1VNg,3.5
2022-01-12,Wheel of Fortune and Fantasy,2021,https://boxd.it/tWcm,3
