Date,Name,Year,Letterboxd URI
2017-02-27,Moonlight,2016,https://boxd.it/d6bE
2017-02-27,Loving,2016,https://boxd.it/bhHC
2017-02-27,Hacksaw Ridge,2016,https://boxd.it/azew
2017-02-27,Moana,2016,https://boxd.it/8tfY
2017-02-27,"Right Now, Wrong Then",2015,https://boxd.it/bWs4
2017-02-27,Doctor Strange,2016,https://boxd.it/8MH8
2017-02-27,Gimme Danger,2016,https://boxd.it/dJqS
2017-02-27,Jackie,2016,https://boxd.it/d6bu
2017-02-27,To Be or Not to Be,1942,https://boxd.it/2aTy
2017-02-27,Silence,2016,https://boxd.it/2cAo
2017-02-27,Perfect Sense,2011,https://boxd.it/A3O
2017-02-27,Toni Erdmann,2016,https://boxd.it/d0xu
2017-02-27,Midnight Special,2016,https://boxd.it/7dmi
2017-02-27,The Wailing,2016,https://boxd.it/9fLy
2017-02-27,Manchester by the Sea,2016,https://boxd.it/b2L0
2017-02-27,Sully,2016,https://boxd.it/cD8Q
2017-02-27,Train to Busan,2016,https://boxd.it/dSQU
2017-02-27,Whiplash,2014,https://boxd.it/7bQA
2017-02-27,La La Land,2016,https://boxd.it/a5fa
2017-02-27,A Monster Calls,2016,https://boxd.it/7DjE
2017-02-27,The Birth of a Nation,2016,https://boxd.it/bhFQ
2017-02-27,The Fits,2015,https://boxd.it/cacO
2017-02-27,Nocturnal Animals,2016,https://boxd.it/bkFu
2017-02-27,Paterson,2016,https://boxd.it/cRk2
2017-02-27,Rogue One: A Star Wars Story,2016,https://boxd.it/aPvy
2017-02-27,He Never Died,2015,https://boxd.it/8yvW
2017-02-27,The Thin Red Line,1998,https://boxd.it/1ZTM
2017-02-27,Dr. Strangelove or: How I Learned to Stop Worrying and Love the Bomb,1964,https://boxd.it/29eY
2017-02-27,"Good Morning, Vietnam",1987,https://boxd.it/29Aq
2017-02-27,Enemy,2013,https://boxd.it/5xtO
2017-02-27,Arrival,2016,https://boxd.it/aNGk
2017-02-27,Spectre,2015,https://boxd.it/6bXY
2017-02-27,Morgan,2016,https://boxd.it/d6Yw
2017-02-27,Suicide Squad,2016,https://boxd.it/9row
2017-02-27,"I, Daniel Blake",2016,https://boxd.it/d0xa
2017-02-27,Ghost in the Shell,1995,https://boxd.it/1YYc
2017-02-27,Blue Is the Warmest Color,2013,https://boxd.it/4O40
2017-02-27,The Boy and the Beast,2015,https://boxd.it/aaRe
2017-02-27,Lo and Behold: Reveries of the Connected World,2016,https://boxd.it/cfuo
2017-02-27,Fantastic Beasts and Where to Find Them,2016,https://boxd.it/7FPC
2017-02-27,Coraline,2009,https://boxd.it/1NhQ
2017-02-27,Kubo and the Two Strings,2016,https://boxd.it/a4wE
2017-02-27,Captain Fantastic,2016,https://boxd.it/b2K2
2017-02-27,The Handmaiden,2016,https://boxd.it/948A
2017-02-27,Swiss Army Man,2016,https://boxd.it/bDG2
2017-02-27,Star Trek Beyond,2016,https://boxd.it/5Ik4
2017-02-27,Star Trek Into Darkness,2013,https://boxd.it/uYE
2017-02-27,Rashomon,1950,https://boxd.it/2a9K
2017-02-27,The Man Who Knew Infinity,2015,https://boxd.it/bTpm
2017-02-27,The Normal Heart,2014,https://boxd.it/3NR4
2017-02-27,X-Men: Apocalypse,2016,https://boxd.it/7eJi
2017-02-27,Aquarius,2016,https://boxd.it/d6YQ
2017-02-27,Chi-Raq,2015,https://boxd.it/bjIM
2017-02-27,Hell or High Water,2016,https://boxd.it/bfGM
2017-02-27,Captain America: Civil War,2016,https://boxd.it/89Ja
2017-02-27,Trumbo,2015,https://boxd.it/9gG0
2017-02-27,All the President's Men,1976,https://boxd.it/29lU
2017-02-27,Finding Dory,2016,https://boxd.it/4aAA
2017-02-27,Children of Men,2006,https://boxd.it/1Y2i
2017-02-27,A Serious Man,2009,https://boxd.it/1RFW
2017-02-27,Zootopia,2016,https://boxd.it/84xS
2017-02-27,The Battered Bastards of Baseball,2014,https://boxd.it/7low
2017-02-27,10 Cloverfield Lane,2016,https://boxd.it/aZiu
2017-02-27,Concussion,2015,https://boxd.it/aqIs
2017-02-27,Deadpool,2016,https://boxd.it/9fOC
2017-02-27,28 Weeks Later,2007,https://boxd.it/28Bi
2017-02-27,The Lobster,2015,https://boxd.it/7tnw
2017-02-27,Maleficent,2014,https://boxd.it/3v1u
2017-02-27,Chronicle,2012,https://boxd.it/2Emk
2017-02-27,Batman v Superman: Dawn of Justice,2016,https://boxd.it/6fBW
2017-02-27,Bridge of Spies,2015,https://boxd.it/9n9C
2017-02-27,Room,2015,https://boxd.it/7T0y
2017-02-27,The Revenant,2015,https://boxd.it/8H5e
2017-02-27,The Big Short,2015,https://boxd.it/ajZw
2017-02-27,The Adjustment Bureau,2011,https://boxd.it/16T8
2017-02-27,World of Tomorrow,2015,https://boxd.it/9Gr6
2017-02-27,45 Years,2015,https://boxd.it/9ZPG
2017-02-27,Phoenix,2014,https://boxd.it/7u46
2017-02-27,Song of the Sea,2014,https://boxd.it/3Ic6
2017-02-27,Anomalisa,2015,https://boxd.it/97TE
2017-02-27,Spotlight,2015,https://boxd.it/a84k
2017-02-27,Carol,2015,https://boxd.it/7DPK
2017-02-27,Beasts of No Nation,2015,https://boxd.it/8Lp8
2017-02-27,The Assassin,2015,https://boxd.it/7rdE
2017-02-27,Mission: Impossible - Rogue Nation,2015,https://boxd.it/5rI4
2017-02-27,The Hateful Eight,2015,https://boxd.it/8gw8
2017-02-27,The Second Mother,2015,https://boxd.it/9Ydm
2017-02-27,Sicario,2015,https://boxd.it/8i7u
2017-02-27,Star Wars: The Force Awakens,2015,https://boxd.it/4vru
2017-02-27,Secret in Their Eyes,2015,https://boxd.it/96zo
2017-02-27,Sunshine,2007,https://boxd.it/28Xy
2017-02-27,Charlie Wilson's War,2007,https://boxd.it/21yc
2017-02-27,Inside Out,2015,https://boxd.it/4KHC
2017-02-27,Avengers: Age of Ultron,2015,https://boxd.it/3qi6
2017-02-27,The Martian,2015,https://boxd.it/8SeG
2017-02-27,Ant-Man,2015,https://boxd.it/3vmW
2017-02-27,Inherent Vice,2014,https://boxd.it/5hla
2017-02-27,Trainspotting,1996,https://boxd.it/29XY
2017-02-27,Inside Llewyn Davis,2013,https://boxd.it/34Ro
2017-02-27,The Big Lebowski,1998,https://boxd.it/2b6C
2017-02-27,28 Days Later,2002,https://boxd.it/2aXU
2017-02-27,Love & Mercy,2014,https://boxd.it/8bd6
2017-02-27,Alien³,1992,https://boxd.it/20zS
2017-02-27,Aliens,1986,https://boxd.it/29PA
2017-02-27,Waltz with Bashir,2008,https://boxd.it/1ZFA
2017-02-27,Alien,1979,https://boxd.it/2awY
2017-02-27,Selma,2014,https://boxd.it/8jak
2017-02-27,Hercules,2014,https://boxd.it/5B7s
2017-02-27,Sin City: A Dame to Kill For,2014,https://boxd.it/2aV0
2017-02-27,Mommy,2014,https://boxd.it/7Uau
2017-02-27,Oblivion,2013,https://boxd.it/2Bzq
2017-02-27,Fort Bliss,2014,https://boxd.it/7R6E
2017-02-27,Divergent,2014,https://boxd.it/4VT0
2017-02-27,Jurassic World,2015,https://boxd.it/4n0g
2017-02-27,Edge of Tomorrow,2014,https://boxd.it/4pD0
2017-02-27,The Visitor,2007,https://boxd.it/1RVq
2017-02-27,Before Sunrise,1995,https://boxd.it/2bcU
2017-02-27,A Most Wanted Man,2014,https://boxd.it/4WCE
2017-02-27,About Time,2013,https://boxd.it/43bI
2017-02-27,Ex Machina,2015,https://boxd.it/7T2k
2017-02-27,Mad Max: Fury Road,2015,https://boxd.it/2DjO
2017-02-27,Moscow Does Not Believe in Tears,1980,https://boxd.it/1CwU
2017-02-27,Mad Max 2,1981,https://boxd.it/1ZPg
2017-02-27,Mad Max,1979,https://boxd.it/1Y7i
2017-02-27,Paradise Now,2005,https://boxd.it/2bec
2017-02-27,"Two Days, One Night",2014,https://boxd.it/6A58
2017-02-27,Wild Tales,2014,https://boxd.it/7UmK
2017-02-27,The Avengers,2012,https://boxd.it/1xFW
2017-02-27,Source Code,2011,https://boxd.it/fdo
2017-02-27,Big Eyes,2014,https://boxd.it/36ms
2017-02-27,Memento,2000,https://boxd.it/2bcK
2017-02-27,Blue Ruin,2013,https://boxd.it/5H8G
2017-02-27,Big Hero 6,2014,https://boxd.it/5rje
2017-02-27,Snowpiercer,2013,https://boxd.it/3Icg
2017-02-27,The Help,2011,https://boxd.it/EDm
2017-02-27,Citizenfour,2014,https://boxd.it/9eSe
2017-02-27,Birdman or (The Unexpected Virtue of Ignorance),2014,https://boxd.it/5RFA
2017-02-27,Upstream Color,2013,https://boxd.it/4Cwc
2017-02-27,Leviathan,2014,https://boxd.it/7Ub8
2017-02-27,John Wick,2014,https://boxd.it/7dEc
2017-02-27,Ida,2013,https://boxd.it/6fRg
2017-02-27,American Sniper,2014,https://boxd.it/5LDy
2017-02-27,Noah,2014,https://boxd.it/34QA
2017-02-27,Nightcrawler,2014,https://boxd.it/780m
2017-02-27,Jodorowsky's Dune,2013,https://boxd.it/5MP6
2017-02-27,The Imitation Game,2014,https://boxd.it/6aig
2017-02-27,Wild,2014,https://boxd.it/6KQo
2017-02-27,Gone Girl,2014,https://boxd.it/6hQu
2017-02-27,The Tale of the Princess Kaguya,2013,https://boxd.it/4JQI
2017-02-27,The Purge: Anarchy,2014,https://boxd.it/71zk
2017-02-27,A Most Violent Year,2014,https://boxd.it/75Va
2017-02-27,Under the Skin,2013,https://boxd.it/3mDa
2017-02-28,The Age of Shadows,2016,https://boxd.it/cruq
2017-03-02,The Witch,2015,https://boxd.it/9X0m
2017-03-02,A Pigeon Sat on a Branch Reflecting on Existence,2014,https://boxd.it/3Ifa
2017-03-05,Kung Fury,2015,https://boxd.it/7mSM
2017-03-05,The Raid,2011,https://boxd.it/3hBy
2017-03-05,The Battle of Algiers,1966,https://boxd.it/1IRY
2017-03-05,Thank You for Smoking,2005,https://boxd.it/1YOc
2017-03-05,The Seventh Seal,1957,https://boxd.it/2ahO
2017-03-05,Contact,1997,https://boxd.it/29OM
2017-03-05,The Seventh Continent,1989,https://boxd.it/1gB4
2017-03-05,Interstellar,2014,https://boxd.it/4VZ8
2017-03-05,Is the Man Who Is Tall Happy?,2013,https://boxd.it/5bKo
2017-03-05,Million Dollar Arm,2014,https://boxd.it/5Y34
2017-03-05,The Great Beauty,2013,https://boxd.it/5ty6
2017-03-05,X-Men: Days of Future Past,2014,https://boxd.it/4aRw
2017-03-05,2001: A Space Odyssey,1968,https://boxd.it/2bf0
2017-03-05,Guardians of the Galaxy,2014,https://boxd.it/3VH2
2017-03-05,Iron Man,2008,https://boxd.it/28dA
2017-03-05,The Fifth Element,1997,https://boxd.it/71k
2017-03-05,Captain America: The Winter Soldier,2014,https://boxd.it/3r58
2017-03-05,The Hunt,2012,https://boxd.it/3wEC
2017-03-05,Iron Man 2,2010,https://boxd.it/1WZM
2017-03-05,Ip Man,2008,https://boxd.it/1NrQ
2017-03-05,The Time Machine,2002,https://boxd.it/27mG
2017-03-05,Machete,2010,https://boxd.it/1yXW
2017-03-05,The Way He Looks,2014,https://boxd.it/70yA
2017-03-05,Moon,2009,https://boxd.it/1IGQ
2017-03-05,Boyhood,2014,https://boxd.it/3178
2017-03-05,Major League,1989,https://boxd.it/1Xts
2017-03-05,Elite Squad,2007,https://boxd.it/20YI
2017-03-05,RoboCop,2014,https://boxd.it/3m4k
2017-03-05,A League of Their Own,1992,https://boxd.it/1UdG
2017-03-05,The Homesman,2014,https://boxd.it/7SXO
2017-03-05,To Kill a Mockingbird,1962,https://boxd.it/2a2E
2017-03-05,The Grand Budapest Hotel,2014,https://boxd.it/3ZqO
2017-03-05,Stand and Deliver,1988,https://boxd.it/1o5g
2017-03-05,Prisoners,2013,https://boxd.it/4E5i
2017-03-05,Nebraska,2013,https://boxd.it/4exq
2017-03-05,The Descendants,2011,https://boxd.it/4Ba
2017-03-05,Blood Diamond,2006,https://boxd.it/28Tm
2017-03-05,Her,2013,https://boxd.it/4O24
2017-03-05,The Purge,2013,https://boxd.it/4Xg0
2017-03-05,American Hustle,2013,https://boxd.it/5dz8
2017-03-05,The Wolf of Wall Street,2013,https://boxd.it/3C1m
2017-03-05,Dallas Buyers Club,2013,https://boxd.it/4O8G
2017-03-05,Captain America: The First Avenger,2011,https://boxd.it/28b0
2017-03-05,Captain Phillips,2013,https://boxd.it/3GPK
2017-03-05,Monsters University,2013,https://boxd.it/bQm
2017-03-05,12 Years a Slave,2013,https://boxd.it/2D2e
2017-03-05,Frozen,2013,https://boxd.it/3GNa
2017-03-05,Train of Life,1998,https://boxd.it/20Dg
2017-03-05,Gainsbourg: A Heroic Life,2010,https://boxd.it/1iaa
2017-03-05,Elite Squad: The Enemy Within,2010,https://boxd.it/Jx4
2017-03-05,Europa Report,2013,https://boxd.it/5n0s
2017-03-05,Kamchatka,2002,https://boxd.it/1oYU
2017-03-05,20th Century Boys 1: Beginning of the End,2008,https://boxd.it/1a3A
2017-03-05,The Shawshank Redemption,1994,https://boxd.it/2aHi
2017-03-05,Inception,2010,https://boxd.it/1skk
2017-03-05,The Dark Knight,2008,https://boxd.it/2b0k
2017-03-05,The Matrix,1999,https://boxd.it/2a1m
2017-03-05,Pulp Fiction,1994,https://boxd.it/29Pq
2017-03-05,Saving Private Ryan,1998,https://boxd.it/29ro
2017-03-05,Fight Club,1999,https://boxd.it/2a9q
2017-03-05,Inglourious Basterds,2009,https://boxd.it/1JzG
2017-03-05,Django Unchained,2012,https://boxd.it/2cCk
2017-03-05,The Departed,2006,https://boxd.it/28MA
2017-03-05,American Beauty,1999,https://boxd.it/71Y
2017-03-05,Shutter Island,2010,https://boxd.it/1U82
2017-03-05,No Country for Old Men,2007,https://boxd.it/21ew
2017-03-05,The Dark Knight Rises,2012,https://boxd.it/H3m
2017-03-05,Gladiator,2000,https://boxd.it/2b9m
2017-03-05,The Prestige,2006,https://boxd.it/293w
2017-03-05,Eternal Sunshine of the Spotless Mind,2004,https://boxd.it/6YK
2017-03-05,Slumdog Millionaire,2008,https://boxd.it/1S3E
2017-03-05,One Flew Over the Cuckoo's Nest,1975,https://boxd.it/2aeA
2017-03-05,Donnie Darko,2001,https://boxd.it/2b2A
2017-03-05,Blade Runner,1982,https://boxd.it/2bcA
2017-03-05,Fargo,1996,https://boxd.it/2aHM
2017-03-05,A Clockwork Orange,1971,https://boxd.it/2aVE
2017-03-05,There Will Be Blood,2007,https://boxd.it/20Z2
2017-03-05,Into the Wild,2007,https://boxd.it/22m2
2017-03-05,Black Swan,2010,https://boxd.it/Sw0
2017-03-05,A Beautiful Mind,2001,https://boxd.it/2amk
2017-03-05,Apocalypse Now,1979,https://boxd.it/6ZS
2017-03-05,Batman Begins,2005,https://boxd.it/2aIg
2017-03-05,The Green Mile,1999,https://boxd.it/2agG
2017-03-05,The Sixth Sense,1999,https://boxd.it/29Js
2017-03-05,12 Angry Men,1957,https://boxd.it/2auI
2017-03-05,City of God,2002,https://boxd.it/2a2a
2017-03-05,Oldboy,2003,https://boxd.it/29R2
2017-03-05,Pan's Labyrinth,2006,https://boxd.it/28No
2017-03-05,Life Is Beautiful,1997,https://boxd.it/29Wm
2017-03-05,Star Trek,2009,https://boxd.it/1Q6c
2017-03-05,"The Good, the Bad and the Ugly",1966,https://boxd.it/2ape
2017-03-05,The Pianist,2002,https://boxd.it/2aqc
2017-03-05,Silver Linings Playbook,2012,https://boxd.it/2TTo
2017-03-05,Million Dollar Baby,2004,https://boxd.it/2bdI
2017-03-05,Downfall,2004,https://boxd.it/2a04
2017-03-05,42,2013,https://boxd.it/3GBo
2017-03-05,Gravity,2013,https://boxd.it/GZY
2017-03-05,World War Z,2013,https://boxd.it/2p2E
2017-03-05,Despicable Me,2010,https://boxd.it/1DD8
2017-03-05,The King's Speech,2010,https://boxd.it/dX0
2017-03-05,Once Upon a Time in the West,1968,https://boxd.it/2az4
2017-03-05,How to Train Your Dragon,2010,https://boxd.it/1WRy
2017-03-05,Toy Story,1995,https://boxd.it/29qA
2017-03-05,Up,2009,https://boxd.it/1OEc
2017-03-05,Howl's Moving Castle,2004,https://boxd.it/23De
2017-03-05,"Monsters, Inc.",2001,https://boxd.it/2a46
2017-03-05,Princess Mononoke,1997,https://boxd.it/2b4w
2017-03-05,Gran Torino,2008,https://boxd.it/1Qzy
2017-03-05,Citizen Kane,1941,https://boxd.it/71O
2017-03-05,Serenity,2005,https://boxd.it/1Km4
2017-03-05,WALL·E,2008,https://boxd.it/1VEo
2017-03-05,RED,2010,https://boxd.it/13uu
2017-03-05,Toy Story 3,2010,https://boxd.it/1WRe
2017-03-05,A Dangerous Method,2011,https://boxd.it/IYo
2017-03-05,The Secret in Their Eyes,2009,https://boxd.it/1vWw
2017-03-05,The Wrestler,2008,https://boxd.it/1So8
2017-03-05,The Fountain,2006,https://boxd.it/28RU
2017-03-05,Moneyball,2011,https://boxd.it/glS
2017-03-05,Despicable Me 2,2013,https://boxd.it/3gg0
2017-03-05,RED 2,2013,https://boxd.it/4E4E
2017-03-05,Hero,2002,https://boxd.it/2bcq
2017-03-05,The Grey,2011,https://boxd.it/2xZE
2017-03-05,Grave of the Fireflies,1988,https://boxd.it/1RUM
2017-03-05,For a Few Dollars More,1965,https://boxd.it/29eu
2017-03-05,No,2012,https://boxd.it/3Ie2
2017-03-05,A Fistful of Dollars,1964,https://boxd.it/2auo
2017-03-05,20th Century Boys 2: The Last Hope,2009,https://boxd.it/1wmY
2017-03-05,20th Century Boys 3: Redemption,2009,https://boxd.it/14pU
2017-03-05,The Past,2013,https://boxd.it/4Ovg
2017-03-05,Rush,2013,https://boxd.it/3lyS
2017-03-05,La Vie en Rose,2007,https://boxd.it/28OQ
2017-03-05,The Godfather,1972,https://boxd.it/2aNK
2017-03-05,The Godfather: Part II,1974,https://boxd.it/2aNq
2017-03-05,The Empire Strikes Back,1980,https://boxd.it/27Vw
2017-03-05,Spirited Away,2001,https://boxd.it/2b4m
2017-03-05,Schindler's List,1993,https://boxd.it/2aq2
2017-03-05,In the Mood for Love,2000,https://boxd.it/29tE
2017-03-05,The Lord of the Rings: The Return of the King,2003,https://boxd.it/2b5u
2017-03-05,Back to the Future,1985,https://boxd.it/2b8e
2017-03-05,The Silence of the Lambs,1991,https://boxd.it/2aHW
2017-03-05,Star Wars,1977,https://boxd.it/72s
2017-03-05,The Lord of the Rings: The Fellowship of the Ring,2001,https://boxd.it/2b5O
2017-03-05,Se7en,1995,https://boxd.it/29zs
2017-03-05,Before Sunset,2004,https://boxd.it/2bcg
2017-03-05,Neon Genesis Evangelion: The End of Evangelion,1997,https://boxd.it/1GRM
2017-03-05,The Lion King,1994,https://boxd.it/201Q
2017-03-05,Network,1976,https://boxd.it/1VqG
2017-03-05,The Lord of the Rings: The Two Towers,2002,https://boxd.it/2b5E
2017-03-05,My Neighbor Totoro,1988,https://boxd.it/20eA
2017-03-05,Terminator 2: Judgment Day,1991,https://boxd.it/2aGY
2017-03-05,Die Hard,1988,https://boxd.it/2a7u
2017-03-05,A Dog's Will,2000,https://boxd.it/12u4
2017-03-05,Jurassic Park,1993,https://boxd.it/2aA2
2017-03-05,Senna,2010,https://boxd.it/kfE
2017-03-05,Unforgiven,1992,https://boxd.it/6Z4
2017-03-05,Akira,1988,https://boxd.it/2b1i
2017-03-05,Perfect Blue,1997,https://boxd.it/1W7A
2017-03-05,Only Yesterday,1991,https://boxd.it/1MR4
2017-03-05,The Wind Rises,2013,https://boxd.it/4JQS
2017-03-05,Whisper of the Heart,1995,https://boxd.it/17uy
2017-03-05,Kiki's Delivery Service,1989,https://boxd.it/1JAY
2017-03-05,Ponyo,2008,https://boxd.it/1S0A
2017-03-05,Amour,2012,https://boxd.it/34Q6
2017-03-05,Finding Nemo,2003,https://boxd.it/72i
2017-03-05,Millennium Actress,2001,https://boxd.it/1fK0
2017-03-05,Drive,2011,https://boxd.it/IG
2017-03-05,Panic Room,2002,https://boxd.it/2490
2017-03-05,The Social Network,2010,https://boxd.it/17ue
2017-03-05,Zodiac,2007,https://boxd.it/27MO
2017-03-05,The Girl with the Dragon Tattoo,2011,https://boxd.it/2Pa
2017-03-05,The Curious Case of Benjamin Button,2008,https://boxd.it/23Fk
2017-03-05,Back to the Future Part II,1989,https://boxd.it/2aYI
2017-03-05,Catch Me If You Can,2002,https://boxd.it/29VS
2017-03-05,E.T. the Extra-Terrestrial,1982,https://boxd.it/2a1G
2017-03-05,Lincoln,2012,https://boxd.it/2n2s
2017-03-05,Super 8,2011,https://boxd.it/dVI
2017-03-05,Shrek,2001,https://boxd.it/29zi
2017-03-05,Men in Black,1997,https://boxd.it/2a0I
2017-03-05,A.I. Artificial Intelligence,2001,https://boxd.it/29Ve
2017-03-05,Gremlins,1984,https://boxd.it/29gg
2017-03-05,Who Framed Roger Rabbit,1988,https://boxd.it/29ry
2017-03-05,The Adventures of Tintin,2011,https://boxd.it/1Irc
2017-03-05,The Terminal,2004,https://boxd.it/2a2O
2017-03-05,Men in Black 3,2012,https://boxd.it/103U
2017-03-05,Twister,1996,https://boxd.it/29S0
2017-03-05,Casper,1995,https://boxd.it/1ZMw
2017-03-05,The Mask of Zorro,1998,https://boxd.it/1YVi
2017-03-05,Deep Impact,1998,https://boxd.it/1ZYM
2017-03-05,The Legend of Zorro,2005,https://boxd.it/28nq
2017-03-05,The Matrix Revolutions,2003,https://boxd.it/2a12
2017-03-05,The Matrix Reloaded,2003,https://boxd.it/2a1c
2017-03-05,The Animatrix,2003,https://boxd.it/qH0
2017-03-06,The Skin I Live In,2011,https://boxd.it/99A
2017-03-06,The Road,2009,https://boxd.it/1CWI
2017-03-06,A History of Violence,2005,https://boxd.it/2bfa
2017-03-06,Speed,1994,https://boxd.it/28qk
2017-03-06,Crash,2004,https://boxd.it/28q0
2017-03-06,The Blind Side,2009,https://boxd.it/1zWg
2017-03-06,The Prince of Egypt,1998,https://boxd.it/1XGQ
2017-03-06,Demolition Man,1993,https://boxd.it/1XVm
2017-03-06,Extremely Loud & Incredibly Close,2011,https://boxd.it/Ju
2017-03-06,Speed 2: Cruise Control,1997,https://boxd.it/28qa
2017-03-06,Hard Candy,2005,https://boxd.it/26vs
2017-03-06,King Kong,2005,https://boxd.it/2aLa
2017-03-06,Toy Story 2,1999,https://boxd.it/29qq
2017-03-06,The Incredibles,2004,https://boxd.it/1XLm
2017-03-06,A Bug's Life,1998,https://boxd.it/1Yyy
2017-03-06,Cars,2006,https://boxd.it/29ho
2017-03-06,Mission: Impossible,1996,https://boxd.it/29d2
2017-03-06,Mission: Impossible II,2000,https://boxd.it/29cS
2017-03-06,Mission: Impossible III,2006,https://boxd.it/29cI
2017-03-06,Resident Evil,2002,https://boxd.it/28z2
2017-03-06,Resident Evil: Apocalypse,2004,https://boxd.it/28yS
2017-03-06,Resident Evil: Extinction,2007,https://boxd.it/20Oy
2017-03-06,Cloud Atlas,2012,https://boxd.it/2W60
2017-03-06,Speed Racer,2008,https://boxd.it/20UQ
2017-03-06,Watchmen,2009,https://boxd.it/1QE4
2017-03-06,300,2006,https://boxd.it/28XI
2017-03-06,Man of Steel,2013,https://boxd.it/FRk
2017-03-06,The Beach,2000,https://boxd.it/27T6
2017-03-06,127 Hours,2010,https://boxd.it/SLa
2017-03-06,Spider-Man 2,2004,https://boxd.it/2a88
2017-03-06,Spider-Man,2002,https://boxd.it/2a8i
2017-03-06,Spider-Man 3,2007,https://boxd.it/2a7Y
2017-03-06,The Hottest State,2006,https://boxd.it/1GFQ
2017-03-06,Green Room,2015,https://boxd.it/a75m
2017-03-06,Flight,2012,https://boxd.it/35Ca
2017-03-06,Persepolis,2007,https://boxd.it/27DC
2017-03-07,The Devil Wears Prada,2006,https://boxd.it/2awE
2017-03-07,"Paris, Je T'Aime",2006,https://boxd.it/273a
2017-03-07,The Truman Show,1998,https://boxd.it/18U8
2017-03-08,V for Vendetta,2005,https://boxd.it/29Ik
2017-03-08,Babe,1995,https://boxd.it/1Yh8
2017-03-08,Happy Feet,2006,https://boxd.it/1XH0
2017-03-08,Babe: Pig in the City,1998,https://boxd.it/1YEQ
2017-03-08,Pirates of the Caribbean: Dead Man's Chest,2006,https://boxd.it/2bfk
2017-03-08,Pirates of the Caribbean: The Curse of the Black Pearl,2003,https://boxd.it/70G
2017-03-08,Pirates of the Caribbean: At World's End,2007,https://boxd.it/2aGu
2017-03-08,Kingdom of Heaven,2005,https://boxd.it/28Gs
2017-03-08,Troy,2004,https://boxd.it/29TW
2017-03-08,Armageddon,1998,https://boxd.it/2b9Q
2017-03-08,One Night at McCool's,2001,https://boxd.it/27le
2017-03-08,X-Men: The Last Stand,2006,https://boxd.it/1a5Q
2017-03-08,X2,2003,https://boxd.it/1a7i
2017-03-08,X-Men,2000,https://boxd.it/1a7s
2017-03-08,The Da Vinci Code,2006,https://boxd.it/2a3i
2017-03-08,Sin City,2005,https://boxd.it/2aVk
2017-03-08,The Good Son,1993,https://boxd.it/1Z6g
2017-03-08,The Adventures of Huck Finn,1993,https://boxd.it/1dom
2017-03-08,Zero Dark Thirty,2012,https://boxd.it/3n1w
2017-03-08,Forrest Gump,1994,https://boxd.it/728
2017-03-08,Titanic,1997,https://boxd.it/2a2k
2017-03-09,Godzilla,2014,https://boxd.it/47OE
2017-03-09,The Red Turtle,2016,https://boxd.it/bdkE
2017-03-09,Closer,2004,https://boxd.it/270K
2017-03-09,Star Wars: Episode I - The Phantom Menace,1999,https://boxd.it/27Vc
2017-03-09,Star Wars: Episode III - Revenge of the Sith,2005,https://boxd.it/27US
2017-03-09,Star Wars: Episode II - Attack of the Clones,2002,https://boxd.it/27V2
2017-03-09,Knight of Cups,2015,https://boxd.it/34Qq
2017-03-09,The Tree of Life,2011,https://boxd.it/1Zu8
2017-03-09,Brothers,2009,https://boxd.it/20WW
2017-03-09,The Master,2012,https://boxd.it/2cBG
2017-03-09,Milk,2008,https://boxd.it/1WZC
2017-03-09,Mystic River,2003,https://boxd.it/2aAG
2017-03-09,2046,2004,https://boxd.it/29tu
2017-03-09,5 Centimeters per Second,2007,https://boxd.it/16G4
2017-03-09,The Place Promised in Our Early Days,2004,https://boxd.it/1R3I
2017-03-09,Voices of a Distant Star,2002,https://boxd.it/17dM
2017-03-09,War of the Worlds,2005,https://boxd.it/2bde
2017-03-09,Prometheus,2012,https://boxd.it/2s9e
2017-03-09,The Hurt Locker,2008,https://boxd.it/1Soi
2017-03-09,The Count of Monte Cristo,2002,https://boxd.it/1U24
2017-03-09,Sherlock Holmes,2009,https://boxd.it/1W2A
2017-03-09,U.S. Marshals,1998,https://boxd.it/1T2M
2017-03-09,The Hangover,2009,https://boxd.it/1GjK
2017-03-09,Up in the Air,2009,https://boxd.it/1zPY
2017-03-09,Black Hawk Down,2001,https://boxd.it/29rI
2017-03-09,Les Misérables,2012,https://boxd.it/2TT4
2017-03-09,8MM,1999,https://boxd.it/20sC
2017-03-09,The Happening,2008,https://boxd.it/200o
2017-03-09,(500) Days of Summer,2009,https://boxd.it/1EmM
2017-03-09,Yes Man,2008,https://boxd.it/1WPW
2017-03-09,The Hitchhiker's Guide to the Galaxy,2005,https://boxd.it/20VE
2017-03-10,Lemonade,2016,https://boxd.it/dMMM
2017-03-10,Avatar,2009,https://boxd.it/1Efm
2017-03-10,Dogville,2003,https://boxd.it/2a8W
2017-03-10,Melancholia,2011,https://boxd.it/bPI
2017-03-10,Brainstorm,2000,https://boxd.it/vlo
2017-03-10,Two Lost in a Dirty Night,2002,https://boxd.it/2Sui
2017-03-10,Lisbela and the Prisoner,2003,https://boxd.it/zdS
2017-03-10,Cazuza: Time Doesn't Stop,2004,https://boxd.it/hZa
2017-03-11,Mulholland Drive,2001,https://boxd.it/297o
2017-03-11,Vicky Cristina Barcelona,2008,https://boxd.it/23rW
2017-03-11,Midnight in Paris,2011,https://boxd.it/i4a
2017-03-11,Return of the Jedi,1983,https://boxd.it/27Vm
2017-03-11,Face/Off,1997,https://boxd.it/29I0
2017-03-11,The Mist,2007,https://boxd.it/22r2
2017-03-11,Deep Blue Sea,1999,https://boxd.it/1ZBo
2017-03-12,Son of the Bride,2001,https://boxd.it/1F58
2017-03-12,Chinese Take-Away,2011,https://boxd.it/2eGy
2017-03-12,Gangs of New York,2002,https://boxd.it/25FG
2017-03-12,"The Chronicles of Narnia: The Lion, the Witch and the Wardrobe",2005,https://boxd.it/2ark
2017-03-12,Taken,2008,https://boxd.it/1ZXa
2017-03-12,Clash of the Titans,2010,https://boxd.it/1GfI
2017-03-12,The Deer Hunter,1978,https://boxd.it/1T6O
2017-03-12,The Iron Lady,2011,https://boxd.it/2qli
2017-03-12,The Bridges of Madison County,1995,https://boxd.it/29Os
2017-03-12,Ace Ventura: Pet Detective,1994,https://boxd.it/25RW
2017-03-12,Bruce Almighty,2003,https://boxd.it/2aCC
2017-03-12,Dumb and Dumber,1994,https://boxd.it/206m
2017-03-12,The Mask,1994,https://boxd.it/29rS
2017-03-12,Batman Forever,1995,https://boxd.it/2ara
2017-03-12,Liar Liar,1997,https://boxd.it/28sg
2017-03-12,How the Grinch Stole Christmas,2000,https://boxd.it/1ZHQ
2017-03-12,The Cable Guy,1996,https://boxd.it/1XAI
2017-03-12,Ace Ventura: When Nature Calls,1995,https://boxd.it/1Z66
2017-03-12,The Number 23,2007,https://boxd.it/258C
2017-03-12,"Me, Myself & Irene",2000,https://boxd.it/27nY
2017-03-12,Capote,2005,https://boxd.it/2atq
2017-03-13,Clouds of Sils Maria,2014,https://boxd.it/7f62
2017-03-13,The Bad Lieutenant: Port of Call - New Orleans,2009,https://boxd.it/1TcW
2017-03-15,Stoker,2013,https://boxd.it/34S2
2017-03-15,The Village,2004,https://boxd.it/21iS
2017-03-15,Pay It Forward,2000,https://boxd.it/1VJI
2017-03-15,Signs,2002,https://boxd.it/26t2
2017-03-15,Unbreakable,2000,https://boxd.it/1XV2
2017-03-15,The Last Airbender,2010,https://boxd.it/1WQK
2017-03-15,Hellboy,2004,https://boxd.it/28HK
2017-03-15,Harry Potter and the Prisoner of Azkaban,2004,https://boxd.it/29Qy
2017-03-15,House of Flying Daggers,2004,https://boxd.it/1YoI
2017-03-15,Life of Pi,2012,https://boxd.it/37pC
2017-03-15,Pacific Rim,2013,https://boxd.it/2cB2
2017-03-15,Romeo + Juliet,1996,https://boxd.it/2ama
2017-03-15,Harry Potter and the Philosopher's Stone,2001,https://boxd.it/29QS
2017-03-15,Harry Potter and the Deathly Hallows: Part 1,2010,https://boxd.it/1RYu
2017-03-15,Harry Potter and the Goblet of Fire,2005,https://boxd.it/29Qo
2017-03-15,Harry Potter and the Chamber of Secrets,2002,https://boxd.it/29QI
2017-03-15,Harry Potter and the Half-Blood Prince,2009,https://boxd.it/29FU
2017-03-15,Harry Potter and the Order of the Phoenix,2007,https://boxd.it/29Qe
2017-03-15,Cloverfield,2008,https://boxd.it/2192
2017-03-15,Rise of the Planet of the Apes,2011,https://boxd.it/cS4
2017-03-15,Where the Wild Things Are,2009,https://boxd.it/1K0C
2017-03-15,Cutthroat Island,1995,https://boxd.it/28OG
2017-03-15,Stuart Little,1999,https://boxd.it/1WZW
2017-03-15,Stuart Little 2,2002,https://boxd.it/1UTW
2017-03-16,Dawn of the Planet of the Apes,2014,https://boxd.it/3XyQ
2017-03-17,Big Fish,2003,https://boxd.it/2a3M
2017-03-17,American Pie 2,2001,https://boxd.it/26kO
2017-03-17,American Pie,1999,https://boxd.it/27qy
2017-03-17,Twelve Monkeys,1995,https://boxd.it/2beQ
2017-03-17,Ocean's Twelve,2004,https://boxd.it/2aZ2
2017-03-17,The Expendables,2010,https://boxd.it/1rtA
2017-03-17,The Expendables 2,2012,https://boxd.it/2CPE
2017-03-17,Shrek 2,2004,https://boxd.it/29z8
2017-03-17,Shrek the Third,2007,https://boxd.it/29yY
2017-03-17,Charlie's Angels,2000,https://boxd.it/24v6
2017-03-17,Charlie's Angels: Full Throttle,2003,https://boxd.it/1YB8
2017-03-17,Blade,1998,https://boxd.it/1a8A
2017-03-17,Blade II,2002,https://boxd.it/1agO
2017-03-17,Blade: Trinity,2004,https://boxd.it/1a8q
2017-03-17,50 First Dates,2004,https://boxd.it/285c
2017-03-17,Hostage,2005,https://boxd.it/27Bc
2017-03-17,"I, Robot",2004,https://boxd.it/27y8
2017-03-17,Independence Day,1996,https://boxd.it/2a1w
2017-03-17,I Am Legend,2007,https://boxd.it/21DG
2017-03-17,Hancock,2008,https://boxd.it/1Zv6
2017-03-17,Men in Black II,2002,https://boxd.it/2a0y
2017-03-17,The Pursuit of Happyness,2006,https://boxd.it/28PE
2017-03-17,Hitch,2005,https://boxd.it/205o
2017-03-17,Shark Tale,2004,https://boxd.it/1VYe
2017-03-17,Bad Boys II,2003,https://boxd.it/1ZuW
2017-03-17,Seven Pounds,2008,https://boxd.it/1U8w
2017-03-17,Wild Wild West,1999,https://boxd.it/205y
2017-03-17,Top Gun,1986,https://boxd.it/29JC
2017-03-17,Minority Report,2002,https://boxd.it/2aWi
2017-03-17,Collateral,2004,https://boxd.it/28F0
2017-03-17,Interview with the Vampire,1994,https://boxd.it/29XO
2017-03-17,The Last Samurai,2003,https://boxd.it/29ZA
2017-03-17,The Island,2005,https://boxd.it/28qE
2017-03-17,Ocean's Thirteen,2007,https://boxd.it/2aEy
2017-03-17,Ocean's Eleven,2001,https://boxd.it/2aZm
2017-03-18,Mr. & Mrs. Smith,2005,https://boxd.it/29CG
2017-03-18,Lara Croft: Tomb Raider,2001,https://boxd.it/27G2
2017-03-18,Changeling,2008,https://boxd.it/25aS
2017-03-18,Gone in Sixty Seconds,2000,https://boxd.it/1Y4y
2017-03-18,Beowulf,2007,https://boxd.it/26Xw
2017-03-18,Hackers,1995,https://boxd.it/1WhU
2017-03-18,Lara Croft: Tomb Raider - The Cradle of Life,2003,https://boxd.it/27FS
2017-03-18,The Bone Collector,1999,https://boxd.it/1Yzw
2017-03-18,Alexander,2004,https://boxd.it/27K4
2017-03-18,Shakespeare in Love,1998,https://boxd.it/27Pe
2017-03-18,The Talented Mr. Ripley,1999,https://boxd.it/2924
2017-03-18,Shallow Hal,2001,https://boxd.it/1XBm
2017-03-19,Neighboring Sounds,2012,https://boxd.it/3nzS
2017-03-19,The White Helmets,2016,https://boxd.it/eGuu
2017-03-19,Mighty Morphin Power Rangers: The Movie,1995,https://boxd.it/1ZeY
2017-03-19,The Mummy,1999,https://boxd.it/2a7a
2017-03-19,Constantine,2005,https://boxd.it/2a7E
2017-03-19,The Mummy Returns,2001,https://boxd.it/28cs
2017-03-19,The Constant Gardener,2005,https://boxd.it/27HE
2017-03-19,Enemy at the Gates,2001,https://boxd.it/29s2
2017-03-19,The Whistleblower,2010,https://boxd.it/2Oc
2017-03-19,The Shape of Things,2003,https://boxd.it/1zP0
2017-03-19,Van Helsing,2004,https://boxd.it/21aa
2017-03-19,Edward Scissorhands,1990,https://boxd.it/2aZc
2017-03-19,Batman,1989,https://boxd.it/2aIU
2017-03-19,Hook,1991,https://boxd.it/29nQ
2017-03-19,Dead Poets Society,1989,https://boxd.it/2aSg
2017-03-19,Jumanji,1995,https://boxd.it/1ZLI
2017-03-19,Mrs. Doubtfire,1993,https://boxd.it/29Cw
2017-03-19,Night at the Museum,2006,https://boxd.it/28wi
2017-03-19,Flubber,1997,https://boxd.it/1YkQ
2017-03-19,Bicentennial Man,1999,https://boxd.it/2722
2017-03-19,Predator,1987,https://boxd.it/2b84
2017-03-19,X-Men: First Class,2011,https://boxd.it/FOA
2017-03-19,Tokyo Godfathers,2003,https://boxd.it/1Qg2
2017-03-19,Batman Returns,1992,https://boxd.it/2awa
2017-03-19,Sweeney Todd: The Demon Barber of Fleet Street,2007,https://boxd.it/1PcS
2017-03-19,Corpse Bride,2005,https://boxd.it/24WQ
2017-03-19,Planet of the Apes,2001,https://boxd.it/29ps
2017-03-19,The Fighter,2010,https://boxd.it/PP4
2017-03-19,The Perfect Storm,2000,https://boxd.it/27n0
2017-03-19,The Lego Movie,2014,https://boxd.it/4pDO
2017-03-19,The Bucket List,2007,https://boxd.it/20Ye
2017-03-19,Invictus,2009,https://boxd.it/1zPk
2017-03-19,Chain Reaction,1996,https://boxd.it/1Sug
2017-03-19,Hard Rain,1998,https://boxd.it/1Ufs
2017-03-19,Mulan,1998,https://boxd.it/1VFw
2017-03-19,Coming to America,1988,https://boxd.it/1Ygu
2017-03-19,The Nutty Professor,1996,https://boxd.it/1YXI
2017-03-19,Doctor Dolittle,1998,https://boxd.it/25RM
2017-03-19,Dr. Dolittle 2,2001,https://boxd.it/1Vlm
2017-03-19,Showtime,2002,https://boxd.it/22ts
2017-03-19,Meet Dave,2008,https://boxd.it/1Uf8
2017-03-19,Vampire in Brooklyn,1995,https://boxd.it/1SoW
2017-03-20,40 Days and 40 Nights,2002,https://boxd.it/26no
2017-03-20,A Knight's Tale,2001,https://boxd.it/1YAk
2017-03-20,10 Things I Hate About You,1999,https://boxd.it/23AO
2017-03-20,The Patriot,2000,https://boxd.it/27Bw
2017-03-20,Lords of Dogtown,2005,https://boxd.it/1XOg
2017-03-20,Rocky,1976,https://boxd.it/28Uk
2017-03-20,Argo,2012,https://boxd.it/2czU
2017-03-20,The Artist,2011,https://boxd.it/2AwK
2017-03-20,Braveheart,1995,https://boxd.it/2aTI
2017-03-20,Lethal Weapon 4,1998,https://boxd.it/29dw
2017-03-20,The Mummy: Tomb of the Dragon Emperor,2008,https://boxd.it/28ci
2017-03-20,The One,2001,https://boxd.it/1Vni
2017-03-20,Unleashed,2005,https://boxd.it/1Xgy
2017-03-20,Lethal Weapon,1987,https://boxd.it/29e0
2017-03-20,Lethal Weapon 2,1989,https://boxd.it/29dQ
2017-03-20,What Women Want,2000,https://boxd.it/24Sa
2017-03-20,Lethal Weapon 3,1992,https://boxd.it/29dG
2017-03-20,Fearless,2006,https://boxd.it/20Qa
2017-03-20,Romeo Must Die,2000,https://boxd.it/27tC
2017-03-20,Tai-Chi Master,1993,https://boxd.it/1UwS
2017-03-20,Skyfall,2012,https://boxd.it/17Fc
2017-03-20,Ice Age,2002,https://boxd.it/2apS
2017-03-20,Ice Age: The Meltdown,2006,https://boxd.it/2wRk
2017-03-20,The Hunger Games,2012,https://boxd.it/2uds
2017-03-20,2012,2009,https://boxd.it/1OE2
2017-03-20,The Fast and the Furious,2001,https://boxd.it/1XMu
2017-03-20,2 Fast 2 Furious,2003,https://boxd.it/2a4g
2017-03-20,The Fast and the Furious: Tokyo Drift,2006,https://boxd.it/1Yeo
2017-03-20,Madagascar,2005,https://boxd.it/29dc
2017-03-20,Rocky Balboa,2006,https://boxd.it/291q
2017-03-20,First Blood,1982,https://boxd.it/28U0
2017-03-20,Antz,1998,https://boxd.it/1ZB4
2017-03-20,Rambo,2008,https://boxd.it/20Pc
2017-03-20,Rambo: First Blood Part II,1985,https://boxd.it/28TQ
2017-03-20,Judge Dredd,1995,https://boxd.it/1Yzm
2017-03-20,Daylight,1996,https://boxd.it/1UjE
2017-03-20,Assassins,1995,https://boxd.it/1Y2C
2017-03-20,The Specialist,1994,https://boxd.it/26xy
2017-03-20,Over the Top,1987,https://boxd.it/2852
2017-03-20,Total Recall,1990,https://boxd.it/29qK
2017-03-20,Terminator 3: Rise of the Machines,2003,https://boxd.it/2aES
2017-03-20,Kindergarten Cop,1990,https://boxd.it/29dm
2017-03-20,Junior,1994,https://boxd.it/21Qg
2017-03-20,Twins,1988,https://boxd.it/1YxK
2017-03-20,The 6th Day,2000,https://boxd.it/207Y
2017-03-20,End of Days,1999,https://boxd.it/1XsO
2017-03-20,Conan the Destroyer,1984,https://boxd.it/1Yfc
2017-03-20,True Lies,1994,https://boxd.it/19pq
2017-03-20,Rush Hour,1998,https://boxd.it/27pU
2017-03-20,Rush Hour 2,2001,https://boxd.it/23ga
2017-03-20,Rush Hour 3,2007,https://boxd.it/23gk
2017-03-20,The Tuxedo,2002,https://boxd.it/1Vra
2017-03-20,The Medallion,2003,https://boxd.it/1VPG
2017-03-20,The Lost World: Jurassic Park,1997,https://boxd.it/2azS
2017-03-20,Rurouni Kenshin Part I: Origins,2012,https://boxd.it/4aIO
2017-03-21,Little Miss Sunshine,2006,https://boxd.it/29EW
2017-03-21,Click,2006,https://boxd.it/1YVM
2017-03-21,Pearl Harbor,2001,https://boxd.it/29Q4
2017-03-21,Underworld,2003,https://boxd.it/2aHs
2017-03-21,Underworld: Evolution,2006,https://boxd.it/29v6
2017-03-21,Ugetsu,1953,https://boxd.it/1NyM
2017-03-21,Little Men,2016,https://boxd.it/cXUq
2017-03-21,Carandiru,2003,https://boxd.it/209g
2017-03-22,Elizabeth,1998,https://boxd.it/24cS
2017-03-22,The Girl with All the Gifts,2016,https://boxd.it/d2lg
2017-03-22,Tarzan,1999,https://boxd.it/18YO
2017-03-22,The Little Mermaid,1989,https://boxd.it/1WYO
2017-03-22,TRON: Legacy,2010,https://boxd.it/1Dlo
2017-03-22,Hercules,1997,https://boxd.it/1SDW
2017-03-22,Prince of Persia: The Sands of Time,2010,https://boxd.it/1YpQ
2017-03-22,A Goofy Movie,1995,https://boxd.it/1Lwu
2017-03-22,Dinosaur,2000,https://boxd.it/1VWi
2017-03-22,The Lion King II: Simba's Pride,1998,https://boxd.it/1XWu
2017-03-22,Herbie Fully Loaded,2005,https://boxd.it/1TP0
2017-03-22,The Three Musketeers,1993,https://boxd.it/1Xc2
2017-03-22,Hugo,2011,https://boxd.it/R08
2017-03-22,Blindness,2008,https://boxd.it/20lc
2017-03-22,The Nutty Boy,1995,https://boxd.it/BXe
2017-03-22,The Bourne Identity,2002,https://boxd.it/26EO
2017-03-22,The Bourne Supremacy,2004,https://boxd.it/26EE
2017-03-22,Seabiscuit,2003,https://boxd.it/24iw
2017-03-22,Elysium,2013,https://boxd.it/2cBm
2017-03-22,True Grit,2010,https://boxd.it/Sog
2017-03-22,The Bourne Ultimatum,2007,https://boxd.it/26Eu
2017-03-22,EuroTrip,2004,https://boxd.it/1YTQ
2017-03-22,The Rock,1996,https://boxd.it/1XM0
2017-03-22,The 13th Warrior,1999,https://boxd.it/27Ss
2017-03-22,GoodFellas,1990,https://boxd.it/29FA
2017-03-22,Meet the Fockers,2004,https://boxd.it/29NE
2017-03-22,Ronin,1998,https://boxd.it/20wa
2017-03-22,"Crouching Tiger, Hidden Dragon",2000,https://boxd.it/2b1M
2017-03-22,Kobe Doin' Work,2009,https://boxd.it/1kZu
2017-03-22,Batman & Robin,1997,https://boxd.it/2ar0
2017-03-22,The Peacemaker,1997,https://boxd.it/21sS
2017-03-22,From Dusk Till Dawn,1996,https://boxd.it/29HQ
2017-03-22,Moulin Rouge!,2001,https://boxd.it/29wI
2017-03-22,The Others,2001,https://boxd.it/27Po
2017-03-23,Carrie,1976,https://boxd.it/20ZQ
2017-03-23,Kill Bill: Vol. 1,2003,https://boxd.it/70w
2017-03-23,Lake Placid,1999,https://boxd.it/1XIC
2017-03-23,Eastern Promises,2007,https://boxd.it/275q
2017-03-23,The Great Gatsby,2013,https://boxd.it/JY
2017-03-23,Revolutionary Road,2008,https://boxd.it/24Le
2017-03-23,J. Edgar,2011,https://boxd.it/38B0
2017-03-23,The Man in the Iron Mask,1998,https://boxd.it/1YZO
2017-03-23,Battle Royale,2000,https://boxd.it/25zS
2017-03-23,Coherence,2013,https://boxd.it/6xza
2017-03-23,Point Break,1991,https://boxd.it/2958
2017-03-23,The Devil's Advocate,1997,https://boxd.it/286k
2017-03-23,The Day the Earth Stood Still,2008,https://boxd.it/1WQ6
2017-03-23,The Replacements,2000,https://boxd.it/1Wno
2017-03-23,The Blair Witch Project,1999,https://boxd.it/26ua
2017-03-23,Book of Shadows: Blair Witch 2,2000,https://boxd.it/1TD4
2017-03-24,Red Dragon,2002,https://boxd.it/1Yrs
2017-03-24,Vertical Limit,2000,https://boxd.it/1Tga
2017-03-24,Training Day,2001,https://boxd.it/27A4
2017-03-26,The 40 Year Old Virgin,2005,https://boxd.it/21hK
2017-03-26,The Day After Tomorrow,2004,https://boxd.it/2aog
2017-03-26,Terminator Salvation,2009,https://boxd.it/2abQ
2017-03-26,Lemony Snicket's A Series of Unfortunate Events,2004,https://boxd.it/1T7s
2017-03-26,Air Force One,1997,https://boxd.it/1XQw
2017-03-26,Superman,1978,https://boxd.it/27Qm
2017-03-26,Superman Returns,2006,https://boxd.it/28J2
2017-03-26,Superman IV: The Quest for Peace,1987,https://boxd.it/1TUk
2017-03-26,District 9,2009,https://boxd.it/1Iik
2017-03-26,Phone Booth,2002,https://boxd.it/285G
2017-03-26,Knowing,2009,https://boxd.it/1Pmy
2017-03-26,The Scorpion King,2002,https://boxd.it/1YWA
2017-03-26,DragonHeart,1996,https://boxd.it/1ZMm
2017-03-26,Spanglish,2004,https://boxd.it/26Cy
2017-03-26,Police Academy,1984,https://boxd.it/1YWg
2017-03-26,Hulk,2003,https://boxd.it/27PS
2017-03-26,The Lost City of Z,2016,https://boxd.it/a7jS
2017-03-26,"4 Months, 3 Weeks and 2 Days",2007,https://boxd.it/27DW
2017-03-26,Fahrenheit 9/11,2004,https://boxd.it/28a2
2017-03-26,The Nice Guys,2016,https://boxd.it/94Hg
2017-03-27,Perfume: The Story of a Murderer,2006,https://boxd.it/28LW
2017-03-27,Dracula 2000,2000,https://boxd.it/1VUG
2017-03-27,Seven Samurai,1954,https://boxd.it/2axi
2017-03-27,Godzilla,1998,https://boxd.it/29fW
2017-03-27,Stargate,1994,https://boxd.it/27iu
2017-03-27,Universal Soldier,1992,https://boxd.it/1YUa
2017-03-28,Public Enemies,2009,https://boxd.it/1U8m
2017-03-28,Jaws,1975,https://boxd.it/2a5e
2017-03-28,Conan the Barbarian,1982,https://boxd.it/1YOm
2017-03-28,Eraser,1996,https://boxd.it/1Z6U
2017-03-28,Miss Congeniality,2000,https://boxd.it/28GM
2017-03-29,The Ring,2002,https://boxd.it/2a70
2017-03-29,The Ring Two,2005,https://boxd.it/1Wy2
2017-03-29,Papillon,1973,https://boxd.it/22kK
2017-03-30,"Honey, I Shrunk the Kids",1989,https://boxd.it/1YTw
2017-03-30,"Honey, I Blew Up the Kid",1992,https://boxd.it/1UuM
2017-03-30,The Flintstones,1994,https://boxd.it/29mo
2017-03-30,Ghostbusters,1984,https://boxd.it/g2w
2017-03-30,Tremors,1990,https://boxd.it/1YSe
2017-03-30,Apollo 13,1995,https://boxd.it/2a6G
2017-03-30,Frost/Nixon,2008,https://boxd.it/1TI4
2017-03-30,Hollow Man,2000,https://boxd.it/1YP0
2017-03-30,Scream,1996,https://boxd.it/24EC
2017-03-30,Scream 2,1997,https://boxd.it/24Es
2017-03-30,Scream 3,2000,https://boxd.it/24Ei
2017-03-30,Starship Troopers,1997,https://boxd.it/2a7k
2017-03-30,The World Is Not Enough,1999,https://boxd.it/1a94
2017-03-30,The Blue Lagoon,1980,https://boxd.it/22KS
2017-03-30,Return to the Blue Lagoon,1991,https://boxd.it/1PcI
2017-03-30,Tomorrow Never Dies,1997,https://boxd.it/29Kg
2017-03-30,Die Another Day,2002,https://boxd.it/1a5G
2017-03-30,GoldenEye,1995,https://boxd.it/29KU
2017-03-31,The Messenger: The Story of Joan of Arc,1999,https://boxd.it/1XdE
2017-03-31,Free Willy,1993,https://boxd.it/28qO
2017-03-31,Free Willy 2: The Adventure Home,1995,https://boxd.it/1Zeu
2017-03-31,The NeverEnding Story,1984,https://boxd.it/1dE0
2017-04-01,Tunnel,2016,https://boxd.it/dDq8
2017-04-01,The Grandmaster,2013,https://boxd.it/QU0
2017-04-01,Juno,2007,https://boxd.it/210a
2017-04-01,Daredevil,2003,https://boxd.it/1YzG
2017-04-01,13 Going on 30,2004,https://boxd.it/1X6e
2017-04-01,"Dude, Where's My Car?",2000,https://boxd.it/1ZJi
2017-04-01,Good Will Hunting,1997,https://boxd.it/2ahY
2017-04-02,Pretty Woman,1990,https://boxd.it/2b6M
2017-04-02,Erin Brockovich,2000,https://boxd.it/2al2
2017-04-02,Unfaithful,2002,https://boxd.it/275A
2017-04-02,Requiem for a Dream,2000,https://boxd.it/29VI
2017-04-02,Pollock,2000,https://boxd.it/1RPC
2017-04-03,Alien Resurrection,1997,https://boxd.it/20zI
2017-04-03,The Exorcist,1973,https://boxd.it/1Yoo
2017-04-03,Garfield,2004,https://boxd.it/1ZAA
2017-04-03,Con Air,1997,https://boxd.it/28gO
2017-04-03,Lord of War,2005,https://boxd.it/284y
2017-04-03,The Family Man,2000,https://boxd.it/22e8
2017-04-03,City of Angels,1998,https://boxd.it/29Bo
2017-04-03,Anastasia,1997,https://boxd.it/1YFk
2017-04-03,You've Got Mail,1998,https://boxd.it/1Yye
2017-04-03,Volcano,1997,https://boxd.it/1WsS
2017-04-03,The Fugitive,1993,https://boxd.it/230G
2017-04-04,Blue Valentine,2010,https://boxd.it/MxG
2017-04-04,My Neighbors the Yamadas,1999,https://boxd.it/1KC2
2017-04-05,Road to Perdition,2002,https://boxd.it/24Lo
2017-04-05,Close Encounters of the Third Kind,1977,https://boxd.it/29u8
2017-04-09,Split,2016,https://boxd.it/dgSy
2017-04-09,Dark City,1998,https://boxd.it/26uk
2017-04-10,A Touch of Sin,2013,https://boxd.it/5Fvo
2017-04-10,"Like Father, Like Son",2013,https://boxd.it/5rQs
2017-04-11,Departures,2008,https://boxd.it/1JFa
2017-04-11,Summer Wars,2009,https://boxd.it/1oDC
2017-04-12,Paprika,2006,https://boxd.it/23wW
2017-04-12,Metropolis,2001,https://boxd.it/1YfQ
2017-04-12,Caramuru: The Invention of Brazil,2001,https://boxd.it/2szQ
2017-04-14,Le Samouraï,1967,https://boxd.it/22ZI
2017-04-15,Home Alone,1990,https://boxd.it/29Fg
2017-04-15,Ghost,1990,https://boxd.it/2aLE
2017-04-15,Dirty Harry,1971,https://boxd.it/299E
2017-04-15,Home Alone 2: Lost in New York,1992,https://boxd.it/29F6
2017-04-15,Home Alone 3,1997,https://boxd.it/1XZ4
2017-04-15,American Wedding,2003,https://boxd.it/20r0
2017-04-15,Final Destination,2000,https://boxd.it/1YrC
2017-04-15,Final Destination 2,2003,https://boxd.it/1YSS
2017-04-15,Scent of a Woman,1992,https://boxd.it/1YAu
2017-04-15,Ferris Bueller's Day Off,1986,https://boxd.it/1YPY
2017-04-15,The Karate Kid,1984,https://boxd.it/27Wk
2017-04-15,The Karate Kid Part II,1986,https://boxd.it/1ZJM
2017-04-16,The Shining,1980,https://boxd.it/29Nu
2017-04-16,The Garden of Words,2013,https://boxd.it/5Ymq
2017-04-16,Memories of Murder,2003,https://boxd.it/1TSo
2017-04-18,Come and See,1985,https://boxd.it/1w9q
2017-04-19,Wreck-It Ralph,2012,https://boxd.it/2TTS
2017-04-19,Chicken Little,2005,https://boxd.it/1Xnu
2017-04-20,Anger Management,2003,https://boxd.it/1YvO
2017-04-20,Mr. Deeds,2002,https://boxd.it/27BQ
2017-04-20,Little Nicky,2000,https://boxd.it/1Y4I
2017-04-20,The Animal,2001,https://boxd.it/1UFg
2017-04-20,You Don't Mess with the Zohan,2008,https://boxd.it/1VHs
2017-04-20,The Hot Chick,2002,https://boxd.it/1SW0
2017-04-20,Deuce Bigalow: Male Gigolo,1999,https://boxd.it/1WlW
2017-04-21,Problem Child 2,1991,https://boxd.it/1pe4
2017-04-21,Problem Child,1990,https://boxd.it/1UH2
2017-04-24,Get Out,2017,https://boxd.it/eOCm
2017-04-24,Shane,1953,https://boxd.it/25Ig
2017-04-26,Jingle All the Way,1996,https://boxd.it/1Z58
2017-04-26,Get Carter,2000,https://boxd.it/1WcU
2017-05-01,Logan,2017,https://boxd.it/7Piy
2017-05-03,Legally Blonde,2001,https://boxd.it/1ZNa
2017-05-04,I Don't Feel at Home in This World Anymore,2017,https://boxd.it/f42u
2017-05-07,Fences,2016,https://boxd.it/dL6A
2017-05-08,Lion,2016,https://boxd.it/b2La
2017-05-26,I Am Not Your Negro,2016,https://boxd.it/etXy
2017-05-26,Guardians of the Galaxy Vol. 2,2017,https://boxd.it/8MxC
2017-05-26,The Act of Killing,2012,https://boxd.it/44Cg
2017-05-26,Incendies,2010,https://boxd.it/Msm
2017-05-26,Do the Right Thing,1989,https://boxd.it/29gA
2017-05-26,John Wick: Chapter 2,2017,https://boxd.it/ayGu
2017-06-17,At First Sight,1999,https://boxd.it/1LZG
2017-07-01,Personal Shopper,2016,https://boxd.it/bkGM
2017-07-01,Monster,2003,https://boxd.it/2afy
2017-07-01,Annie Hall,1977,https://boxd.it/29M2
2017-07-01,High and Low,1963,https://boxd.it/1RSc
2017-07-01,Wonder Woman,2017,https://boxd.it/9roG
2017-07-01,Kong: Skull Island,2017,https://boxd.it/9ewM
2017-07-01,Okja,2017,https://boxd.it/dvXe
2017-07-21,Spider-Man: Homecoming,2017,https://boxd.it/aboM
2017-07-21,Camp X-Ray,2014,https://boxd.it/7biI
2017-07-21,Life,2017,https://boxd.it/dRqG
2017-07-21,Hidden Figures,2016,https://boxd.it/dgS4
2017-07-21,Dunkirk,2017,https://boxd.it/d0Y6
2017-07-26,Colossal,2016,https://boxd.it/biZi
2017-07-28,Valerian and the City of a Thousand Planets,2017,https://boxd.it/biYY
2017-07-31,Still Walking,2008,https://boxd.it/1wvm
2017-08-12,The Founder,2016,https://boxd.it/9XwM
2017-08-13,War for the Planet of the Apes,2017,https://boxd.it/8FE2
2017-08-13,The Dark Tower,2017,https://boxd.it/bU66
2017-08-19,Spring Breakers,2012,https://boxd.it/421s
2017-08-19,Icarus,2017,https://boxd.it/fmje
2017-08-19,Trouble in Paradise,1932,https://boxd.it/2aU2
2017-08-19,Your Name.,2016,https://boxd.it/cUqs
2017-08-19,The Man from Nowhere,2010,https://boxd.it/AZy
2017-08-19,The Host,2006,https://boxd.it/28ZY
2017-08-19,Alien: Covenant,2017,https://boxd.it/49UY
2017-08-19,Journey to the Center of the Earth,2008,https://boxd.it/38EI
2017-08-19,Inspector Gadget,1999,https://boxd.it/2azy
2017-08-19,Winter's Bone,2010,https://boxd.it/14FI
2017-08-19,Big Daddy,1999,https://boxd.it/1ZkW
2017-08-20,The Girl Who Leapt Through Time,2006,https://boxd.it/1OPa
2017-08-20,Jack Reacher,2012,https://boxd.it/2BUo
2017-08-21,In Another Country,2012,https://boxd.it/3wMQ
2017-08-21,Holy Motors,2012,https://boxd.it/3wai
2017-08-23,The Chaser,2008,https://boxd.it/1PgU
2017-08-24,Ong Bak: Muay Thai Warrior,2003,https://boxd.it/1YZk
2017-08-24,Shaun of the Dead,2004,https://boxd.it/29J8
2017-08-25,Monsters,2010,https://boxd.it/Tdy
2017-08-26,My Girl,1991,https://boxd.it/24PK
2017-08-26,Ri¢hie Ri¢h,1994,https://boxd.it/1URw
2017-08-26,The Beguiled,2017,https://boxd.it/dZ1k
2017-08-27,Hasan Minhaj: Homecoming King,2017,https://boxd.it/gn6M
2017-08-27,Street of Shame,1956,https://boxd.it/UWO
2017-08-28,Splash,1984,https://boxd.it/26ym
2017-08-28,Lucy,2014,https://boxd.it/75hu
2017-08-28,The Cabin in the Woods,2011,https://boxd.it/1zOc
2017-08-28,Fitzcarraldo,1982,https://boxd.it/1YV8
2017-08-30,Dune,1984,https://boxd.it/29tY
2017-09-02,Kramer vs. Kramer,1979,https://boxd.it/h0w
2017-09-02,Men of Honor,2000,https://boxd.it/1SCE
2017-09-02,Rosemary's Baby,1968,https://boxd.it/29zM
2017-09-03,The Given Word,1962,https://boxd.it/h6Y
2017-09-04,Looper,2012,https://boxd.it/ham
2017-09-04,The Last of the Mohicans,1992,https://boxd.it/1YSo
2017-09-07,Only Lovers Left Alive,2013,https://boxd.it/4O1U
2017-09-08,The Big Sick,2017,https://boxd.it/eHvy
2017-09-09,The Thing,1982,https://boxd.it/294O
2017-09-09,Poseidon,2006,https://boxd.it/2afI
2017-09-09,Soldier,1998,https://boxd.it/1YIo
2017-09-09,Battlefield Earth,2000,https://boxd.it/231O
2017-09-10,"I Travel Because I Have to, I Come Back Because I Love You",2009,https://boxd.it/369y
2017-09-10,A Single Man,2009,https://boxd.it/1dx4
2017-09-11,Shin Godzilla,2016,https://boxd.it/a9lm
2017-09-11,American Honey,2016,https://boxd.it/bk7C
2017-09-11,Shame,2011,https://boxd.it/2CxU
2017-09-11,The Reader,2008,https://boxd.it/20Dq
2017-09-12,If I Were You,2006,https://boxd.it/1dDw
2017-09-12,Olga,2004,https://boxd.it/1duO
2017-09-12,My Name Ain't Johnny,2008,https://boxd.it/1IMu
2017-09-12,The Inheritance,2001,https://boxd.it/1IMY
2017-09-12,1408,2007,https://boxd.it/25Vu
2017-09-12,Blue Jasmine,2013,https://boxd.it/50MI
2017-09-12,Being John Malkovich,1999,https://boxd.it/2ahu
2017-09-13,Cast Away,2000,https://boxd.it/20i8
2017-09-13,Gabriel and the Mountain,2017,https://boxd.it/gaP0
2017-09-14,xXx,2002,https://boxd.it/20VY
2017-09-15,Baby Driver,2017,https://boxd.it/bhF2
2017-09-16,Slow West,2015,https://boxd.it/6CwK
2017-09-18,It Comes at Night,2017,https://boxd.it/eLuk
2017-09-18,A Bittersweet Life,2005,https://boxd.it/1U4Y
2017-09-18,Hot Fuzz,2007,https://boxd.it/2416
2017-09-18,The Iron Giant,1999,https://boxd.it/1Wow
2017-09-18,Sympathy for Mr. Vengeance,2002,https://boxd.it/23WU
2017-09-18,G.I. Jane,1997,https://boxd.it/24my
2017-09-19,A Princesa Xuxa e os Trapalhões,1989,https://boxd.it/44to
2017-09-19,Didi Quer Ser Criança,2004,https://boxd.it/7wEA
2017-09-19,Os Saltimbancos Trapalhões,1981,https://boxd.it/38Gu
2017-09-19,O Noviço Rebelde,1997,https://boxd.it/7tEs
2017-09-19,"Didi, o Cupido Trapalhão",2003,https://boxd.it/79TW
2017-09-19,O Trapalhão e a Luz Azul,1999,https://boxd.it/4cqs
2017-09-19,Os Trapalhões na Terra dos Monstros,1989,https://boxd.it/5jbG
2017-09-19,Waterworld,1995,https://boxd.it/1XLG
2017-09-19,The Bodyguard,1992,https://boxd.it/29Z6
2017-09-19,Highlander,1986,https://boxd.it/20GE
2017-09-19,Mortal Kombat,1995,https://boxd.it/1YZY
2017-09-19,Fortress,1992,https://boxd.it/1SzA
2017-09-19,Entrapment,1999,https://boxd.it/282i
2017-09-19,The Girl Next Door,2004,https://boxd.it/1VSq
2017-09-19,The Phantom,1996,https://boxd.it/1XIs
2017-09-19,mother!,2017,https://boxd.it/dgRU
2017-09-28,The Notebook,2004,https://boxd.it/1UNE
2017-10-02,Polytechnique,2009,https://boxd.it/1AMG
2017-10-03,It,2017,https://boxd.it/bC8e
2017-10-10,The Assassination of Jesse James by the Coward Robert Ford,2007,https://boxd.it/24dG
2017-10-13,Blade Runner: Black Out 2022,2017,https://boxd.it/h5sM
2017-10-13,2036: Nexus Dawn,2017,https://boxd.it/gXZo
2017-10-13,2048: Nowhere to Run,2017,https://boxd.it/h4uC
2017-10-15,Blade Runner 2049,2017,https://boxd.it/b8wK
2017-10-16,Small Soldiers,1998,https://boxd.it/1TzQ
2017-10-17,Red Planet,2000,https://boxd.it/1ZI0
2017-10-17,The Saint,1997,https://boxd.it/1Xkq
2017-10-18,Lassie,1994,https://boxd.it/1mmY
2017-10-18,Halloween H20: 20 Years Later,1998,https://boxd.it/1TgE
2017-10-18,Species,1995,https://boxd.it/1YUk
2017-10-18,Species II,1998,https://boxd.it/1WNw
2017-10-18,I Saw the Devil,2010,https://boxd.it/FaK
2017-10-19,Borat: Cultural Learnings of America for Make Benefit Glorious Nation of Kazakhstan,2006,https://boxd.it/2agQ
2017-10-19,School of Rock,2003,https://boxd.it/28xK
2017-10-19,RoboCop,1987,https://boxd.it/22Wu
2017-10-22,It Follows,2014,https://boxd.it/87wo
2017-10-23,Meek's Cutoff,2010,https://boxd.it/nsG
2017-10-23,Funny Games,1997,https://boxd.it/1WKM
2017-10-24,Happy Gilmore,1996,https://boxd.it/1Yey
2017-10-24,The Chronicles of Riddick,2004,https://boxd.it/26iy
2017-10-24,Saw,2004,https://boxd.it/2aWW
2017-10-24,Saw II,2005,https://boxd.it/2aRs
2017-10-24,Gerald's Game,2017,https://boxd.it/buKa
2017-10-25,K-PAX,2001,https://boxd.it/2aYo
2017-10-25,The Negotiator,1998,https://boxd.it/1YbO
2017-10-25,Outbreak,1995,https://boxd.it/21io
2017-10-27,The Meyerowitz Stories (New and Selected),2017,https://boxd.it/dSp0
2017-10-27,Wind River,2017,https://boxd.it/dR3i
2017-10-29,Ratatouille,2007,https://boxd.it/27ww
2017-10-31,Blind Vaysha,2016,https://boxd.it/dBqA
2017-11-01,Tokyo Tribe,2014,https://boxd.it/74PU
2017-11-01,Mistress America,2015,https://boxd.it/9UfS
2017-11-05,Thor,2011,https://boxd.it/1WQU
2017-11-05,Thor: The Dark World,2013,https://boxd.it/2DqA
2017-11-06,On the Beach at Night Alone,2017,https://boxd.it/fqEK
2017-11-09,Brawl in Cell Block 99,2017,https://boxd.it/dWOo
2017-11-13,A Ghost Story,2017,https://boxd.it/fb0K
2017-11-13,The Room,2003,https://boxd.it/1ICY
2017-11-13,The Florida Project,2017,https://boxd.it/dMG0
2017-11-20,Kill Me Please,2015,https://boxd.it/cbcA
2017-11-21,Fast Five,2011,https://boxd.it/BgO
2017-11-21,Logan Lucky,2017,https://boxd.it/dZrs
2017-11-23,Lady Bird,2017,https://boxd.it/dGNE
2017-11-24,Jin-Roh: The Wolf Brigade,1999,https://boxd.it/29wS
2017-11-25,American Made,2017,https://boxd.it/bb66
2017-11-25,Fast & Furious 6,2013,https://boxd.it/2UG6
2017-11-26,Hunt for the Wilderpeople,2016,https://boxd.it/cTgG
2017-11-26,Thor: Ragnarok,2017,https://boxd.it/8MHi
2017-11-26,Dredd,2012,https://boxd.it/GZE
2017-12-03,Falling Down,1993,https://boxd.it/194M
2017-12-04,Magnolia,1999,https://boxd.it/2aze
2017-12-06,"Three Billboards Outside Ebbing, Missouri",2017,https://boxd.it/ceBS
2017-12-07,The Truth Beneath,2016,https://boxd.it/e5K6
2017-12-08,Goldfinger,1964,https://boxd.it/29SY
2017-12-08,Lady Macbeth,2016,https://boxd.it/erJk
2017-12-10,Waking Life,2001,https://boxd.it/1Zdc
2017-12-16,Good Time,2017,https://boxd.it/fcFu
2017-12-16,The Killing of a Sacred Deer,2017,https://boxd.it/dZ5G
2017-12-17,Star Wars: The Last Jedi,2017,https://boxd.it/5xme
2017-12-17,The Square,2017,https://boxd.it/e5YW
2017-12-17,Punch-Drunk Love,2002,https://boxd.it/20E4
2017-12-18,Bingo: The King of the Mornings,2017,https://boxd.it/fcGs
2017-12-19,Stronger,2017,https://boxd.it/dRqQ
2017-12-20,Mudbound,2017,https://boxd.it/eCsu
2017-12-22,Atomic Blonde,2017,https://boxd.it/blDk
2017-12-26,The Club,2015,https://boxd.it/amQC
2017-12-27,Starred Up,2013,https://boxd.it/6fRq
2017-12-28,Entranced Earth,1967,https://boxd.it/qkU
2017-12-30,Tangerine,2015,https://boxd.it/9QRe
2017-12-31,Jiro Dreams of Sushi,2011,https://boxd.it/2ONU
2018-01-01,20th Century Women,2016,https://boxd.it/bqU6
2018-01-04,A Quiet Passion,2016,https://boxd.it/cMXe
2018-01-04,Graduation,2016,https://boxd.it/d0vI
2018-01-08,Beach Rats,2017,https://boxd.it/f5m6
2018-01-08,All Is Lost,2013,https://boxd.it/4OgK
2018-01-10,Bone Tomahawk,2015,https://boxd.it/9kiw
2018-01-12,Night of the Living Dead,1968,https://boxd.it/1WwA
2018-01-13,Blade of the Immortal,2017,https://boxd.it/f5Pi
2018-01-14,Battle of the Sexes,2017,https://boxd.it/cNxw
2018-01-14,The Post,2017,https://boxd.it/fTeG
2018-01-15,High-Rise,2015,https://boxd.it/7tmo
2018-01-15,Paddington,2014,https://boxd.it/3RKw
2018-01-22,Call Me by Your Name,2017,https://boxd.it/dYmm
2018-01-22,Paddington 2,2017,https://boxd.it/bCF8
2018-01-24,Drunken Angel,1948,https://boxd.it/1uYQ
2018-01-27,Phantom Thread,2017,https://boxd.it/e4uc
2018-01-28,Hanna,2011,https://boxd.it/DBE
2018-01-28,In the Name of the Father,1993,https://boxd.it/20I6
2018-01-28,The Shape of Water,2017,https://boxd.it/dZ5m
2018-02-05,Furious 7,2015,https://boxd.it/5cVs
2018-02-09,The Cloverfield Paradox,2018,https://boxd.it/doVA
2018-02-11,The Fate of the Furious,2017,https://boxd.it/bbCw
2018-02-16,American History X,1998,https://boxd.it/2bdo
2018-02-17,Force Majeure,2014,https://boxd.it/7UcA
2018-02-17,Luther,2003,https://boxd.it/22Og
2018-02-18,Event Horizon,1997,https://boxd.it/20d8
2018-02-18,Resident Evil: Afterlife,2010,https://boxd.it/1bVo
2018-02-19,Resident Evil: Retribution,2012,https://boxd.it/2qmK
2018-02-19,Resident Evil: The Final Chapter,2016,https://boxd.it/5lqS
2018-02-19,Coco,2017,https://boxd.it/bYJQ
2018-02-27,Professor Marston and the Wonder Women,2017,https://boxd.it/eRPS
2018-03-01,Mr. Nobody,2009,https://boxd.it/1k44
2018-03-08,Child's Play,1988,https://boxd.it/1VTo
2018-03-08,Child's Play 2,1990,https://boxd.it/1Uqq
2018-03-11,Office Space,1999,https://boxd.it/28Em
2018-03-12,Robin Hood: Prince of Thieves,1991,https://boxd.it/20hu
2018-03-12,The Sweetest Thing,2002,https://boxd.it/1T28
2018-03-12,There's Something About Mary,1998,https://boxd.it/2aae
2018-03-23,I Still Know What You Did Last Summer,1998,https://boxd.it/257O
2018-03-23,I Know What You Did Last Summer,1997,https://boxd.it/2588
2018-03-29,Clueless,1995,https://boxd.it/1Ygk
2018-05-20,Black Panther,2018,https://boxd.it/8MHs
2018-05-20,Annihilation,2018,https://boxd.it/9yzm
2018-05-20,Reservoir Dogs,1992,https://boxd.it/2agc
2018-05-20,Kill Bill: Vol. 2,2004,https://boxd.it/2au4
2018-05-20,Faces Places,2017,https://boxd.it/g7ck
2018-05-20,"I, Tonya",2017,https://boxd.it/dzR0
2018-05-20,Mustang,2015,https://boxd.it/baaw
2018-05-20,You Were Never Really Here,2017,https://boxd.it/dWOS
2018-05-20,A Fantastic Woman,2017,https://boxd.it/fcGi
2018-05-20,Ready Player One,2018,https://boxd.it/aZes
2018-05-20,Tickling Giants,2016,https://boxd.it/dDaY
2018-05-20,Munich,2005,https://boxd.it/2a0e
2018-05-20,Jumanji: Welcome to the Jungle,2017,https://boxd.it/bUeE
2018-05-20,Pete's Dragon,2016,https://boxd.it/9hza
2018-05-20,Audition,1999,https://boxd.it/1UHm
2018-05-20,A Quiet Place,2018,https://boxd.it/fVJQ
2018-05-20,Isle of Dogs,2018,https://boxd.it/dZrW
2018-05-20,Loveless,2017,https://boxd.it/fcFa
2018-05-20,Avengers: Infinity War,2018,https://boxd.it/9vEe
2018-05-20,Bāhubali: The Beginning,2015,https://boxd.it/7y2y
2018-05-20,Bāhubali 2: The Conclusion,2017,https://boxd.it/bMfO
2018-05-20,Molly's Game,2017,https://boxd.it/dSl8
2018-05-20,Red Sparrow,2018,https://boxd.it/e7Pi
2018-05-20,Don't Breathe,2016,https://boxd.it/9yzw
2018-05-20,The Double,2013,https://boxd.it/4DLW
2018-05-20,Tully,2018,https://boxd.it/e4kc
2018-05-21,Ran,1985,https://boxd.it/1Tlu
2018-05-23,Cargo,2017,https://boxd.it/f55Y
2018-05-29,Heat,1995,https://boxd.it/2bg8
2018-05-29,Scott Pilgrim vs. the World,2010,https://boxd.it/1Aq6
2018-05-29,Sideways,2004,https://boxd.it/1Y5c
2018-06-04,The Tale,2018,https://boxd.it/cOkI
2018-06-04,Frances Ha,2012,https://boxd.it/41Xg
2018-06-10,Hereditary,2018,https://boxd.it/hNVe
2018-06-10,An American Werewolf in London,1981,https://boxd.it/29yk
2018-06-17,Ocean's Eight,2018,https://boxd.it/eaai
2018-06-21,Bokeh,2017,https://boxd.it/8SV6
2018-07-06,L.A. Confidential,1997,https://boxd.it/27oC
2018-07-06,Casino Royale,2006,https://boxd.it/1alk
2018-07-06,Quantum of Solace,2008,https://boxd.it/1Vs8
2018-07-06,Incredibles 2,2018,https://boxd.it/7IPg
2018-07-06,Jurassic World: Fallen Kingdom,2018,https://boxd.it/bOnU
2018-07-08,Game Night,2018,https://boxd.it/fRtu
2018-07-09,Thoroughbreds,2017,https://boxd.it/dVHQ
2018-07-09,Psychokinesis,2018,https://boxd.it/g7ni
2018-07-21,Pacific Rim: Uprising,2018,https://boxd.it/83Qa
2018-07-21,The 15:17 to Paris,2018,https://boxd.it/gatS
2018-07-21,Mother,2009,https://boxd.it/1m9g
2018-07-25,Leave No Trace,2018,https://boxd.it/fMfM
2018-08-07,Tomb Raider,2018,https://boxd.it/bgbA
2018-08-09,Mission: Impossible - Fallout,2018,https://boxd.it/bSVc
2018-08-09,Deadpool 2,2018,https://boxd.it/dlLM
2018-08-12,The Yellow Sea,2010,https://boxd.it/2j6q
2018-08-13,Boogie Nights,1997,https://boxd.it/23um
2018-08-13,The World's End,2013,https://boxd.it/3EiO
2018-08-13,The Princess Bride,1987,https://boxd.it/26EY
2018-08-13,Brave,2012,https://boxd.it/bVG
2018-08-16,Black Rain,1989,https://boxd.it/24NY
2018-08-17,The Game,1997,https://boxd.it/26vC
2018-08-18,"Lust, Caution",2007,https://boxd.it/244k
2018-08-19,Skyscraper,2018,https://boxd.it/fVqa
2018-08-20,Raw,2016,https://boxd.it/dLd2
2018-08-20,Revenge,2017,https://boxd.it/gL9g
2018-08-22,Before Midnight,2013,https://boxd.it/4ive
2018-08-26,BlacKkKlansman,2018,https://boxd.it/hxL8
2018-08-27,Jackie Brown,1997,https://boxd.it/2aVO
2018-08-27,Fortress 2,2000,https://boxd.it/1UAK
2018-08-27,Persona,1966,https://boxd.it/29B4
2018-08-27,Out of Sight,1998,https://boxd.it/28R6
2018-08-28,Harakiri,1962,https://boxd.it/1NTU
2018-09-02,Groundhog Day,1993,https://boxd.it/2b3e
2018-09-02,Brokeback Mountain,2005,https://boxd.it/2b2q
2018-09-04,Predestination,2014,https://boxd.it/6bJM
2018-09-04,Yi Yi,2000,https://boxd.it/1vCw
2018-09-09,A Simple Plan,1998,https://boxd.it/1WMo
2018-09-12,God is Brazilian,2003,https://boxd.it/1e9M
2018-11-26,Double Team,1997,https://boxd.it/1YLs
2018-11-30,Araby,2017,https://boxd.it/fpKs
2018-12-03,Sorry to Bother You,2018,https://boxd.it/f21E
2018-12-03,The Wife,2017,https://boxd.it/bkzG
2018-12-03,Fahrenheit 11/9,2018,https://boxd.it/jofc
2018-12-10,Burning,2018,https://boxd.it/hHUa
2018-12-10,First Reformed,2017,https://boxd.it/go9C
2018-12-10,Rushmore,1998,https://boxd.it/1TAO
2018-12-10,First Man,2018,https://boxd.it/cPym
2018-12-10,Mandy,2018,https://boxd.it/gtti
2018-12-10,Eighth Grade,2018,https://boxd.it/hDMG
2018-12-10,A Star Is Born,2018,https://boxd.it/aXgc
2018-12-10,The Old Man & the Gun,2018,https://boxd.it/fd1q
2018-12-11,Free Solo,2018,https://boxd.it/iEEq
2018-12-11,Suspiria,2018,https://boxd.it/cioI
2018-12-11,Widows,2018,https://boxd.it/e6gc
2018-12-11,Ralph Breaks the Internet,2018,https://boxd.it/edAy
2018-12-11,Sicario: Day of the Soldado,2018,https://boxd.it/e4fG
2018-12-18,The Ballad of Buster Scruggs,2018,https://boxd.it/jB2q
2018-12-18,Creed,2015,https://boxd.it/a2qk
2018-12-18,Ant-Man and the Wasp,2018,https://boxd.it/cqUW
2018-12-19,Wormwood,2017,https://boxd.it/hlWe
2018-12-20,Outlaw King,2018,https://boxd.it/gcxi
2018-12-20,Venom,2018,https://boxd.it/b8wA
2018-12-20,Aladdin,1992,https://boxd.it/29yE
2018-12-21,Wildlife,2018,https://boxd.it/eKYe
2018-12-21,Man on Wire,2008,https://boxd.it/1ORK
2018-12-22,Lost in Translation,2003,https://boxd.it/2b0E
2018-12-22,Creed II,2018,https://boxd.it/hgl8
2018-12-22,Happy as Lazzaro,2018,https://boxd.it/hiVs
2018-12-22,Private Life,2018,https://boxd.it/gn9Q
2018-12-22,Support the Girls,2018,https://boxd.it/ghHs
2018-12-23,Upgrade,2018,https://boxd.it/i4gW
2018-12-23,Let the Sunshine In,2017,https://boxd.it/fhr8
2018-12-23,Crazy Rich Asians,2018,https://boxd.it/gfnK
2018-12-28,Central Station,1998,https://boxd.it/29RG
2018-12-28,Vertigo,1958,https://boxd.it/2apI
2018-12-31,Bird Box,2018,https://boxd.it/eh1i
2018-12-31,Life of Brian,1979,https://boxd.it/2a4q
2019-01-05,The House That Jack Built,2018,https://boxd.it/dWO4
2019-01-06,Spider-Man: Into the Spider-Verse,2018,https://boxd.it/azpY
2019-01-06,The Mule,2018,https://boxd.it/idcY
2019-01-06,The Favourite,2018,https://boxd.it/d2hI
2019-01-07,The Night Comes for Us,2018,https://boxd.it/g2lc
2019-01-07,Madeline's Madeline,2018,https://boxd.it/gNmw
2019-01-07,Raging Bull,1980,https://boxd.it/28yI
2019-01-08,Under the Silver Lake,2018,https://boxd.it/dSAs
2019-01-09,Lean on Pete,2017,https://boxd.it/emgM
2019-01-09,Roma,2018,https://boxd.it/f69M
2019-01-09,Sympathy for Lady Vengeance,2005,https://boxd.it/248G
2019-01-11,Passengers,2016,https://boxd.it/8lFu
2019-01-11,Mary Queen of Scots,2018,https://boxd.it/gkaG
2019-01-13,If Beale Street Could Talk,2018,https://boxd.it/gGhu
2019-01-13,Detroit,2017,https://boxd.it/el3C
2019-01-14,Attack the Block,2011,https://boxd.it/hFO
2019-01-14,The Rider,2017,https://boxd.it/gazw
2019-01-14,Throne of Blood,1957,https://boxd.it/251w
2019-01-18,Three Kings,1999,https://boxd.it/21IG
2019-01-18,Mission: Impossible - Ghost Protocol,2011,https://boxd.it/psI
2019-02-01,Anaconda,1997,https://boxd.it/1YSy
2019-02-03,The Polar Express,2004,https://boxd.it/23am
2019-02-03,Shoplifters,2018,https://boxd.it/ifY6
2019-02-04,Haywire,2011,https://boxd.it/2tx2
2019-03-10,Sister Act,1992,https://boxd.it/27EA
2019-03-11,Big Momma's House,2000,https://boxd.it/1YgO
2019-03-11,Black Knight,2001,https://boxd.it/1TMg
2019-03-14,Street Fighter,1994,https://boxd.it/1ThW
2019-04-08,Only Angels Have Wings,1939,https://boxd.it/Ttw
2019-04-08,Superbad,2007,https://boxd.it/20hO
2019-04-08,Searching,2018,https://boxd.it/hDPg
2019-04-09,Blindspotting,2018,https://boxd.it/hDMw
2019-04-09,Léon: The Professional,1994,https://boxd.it/2b8S
2019-04-09,The Last Race,2018,https://boxd.it/hG4M
2019-04-09,Death Proof,2007,https://boxd.it/27GG
2019-04-10,Drug War,2012,https://boxd.it/3IcK
2019-04-11,Manhattan,1979,https://boxd.it/29Na
2019-04-11,Zombieland,2009,https://boxd.it/1En6
2019-04-11,The Passion of the Christ,2004,https://boxd.it/29ZK
2019-04-12,Cold War,2018,https://boxd.it/fEoc
2019-04-12,The Driver,1978,https://boxd.it/27jW
2019-04-12,Mirai,2018,https://boxd.it/h2Hu
2019-04-17,"What's Up, Doc?",1972,https://boxd.it/21iy
2019-04-17,A Private War,2018,https://boxd.it/h2Mu
2019-04-17,"Hail, Caesar!",2016,https://boxd.it/881G
2019-04-17,The Disaster Artist,2017,https://boxd.it/cTqc
2019-04-19,A Separation,2011,https://boxd.it/gvo
2019-04-19,Magic Mike,2012,https://boxd.it/2HvY
2019-04-22,High Flying Bird,2019,https://boxd.it/itka
2019-04-22,Magic Mike XXL,2015,https://boxd.it/7TTS
2019-04-23,Contagion,2011,https://boxd.it/13rq
2019-04-24,Things to Come,2016,https://boxd.it/d0wc
2019-04-24,Jurassic Park III,2001,https://boxd.it/2azI
2019-04-25,The Color Purple,1985,https://boxd.it/29oO
2019-04-25,The Edge of Seventeen,2016,https://boxd.it/d5nu
2019-04-29,"Legally Blonde 2: Red, White & Blonde",2003,https://boxd.it/1Wxe
2019-05-01,Ghost World,2001,https://boxd.it/28Dy
2019-05-01,Us,2019,https://boxd.it/gnV6
2019-05-01,Bumblebee,2018,https://boxd.it/f21O
2019-05-01,On the Basis of Sex,2018,https://boxd.it/bhDq
2019-05-01,Monty Python and the Holy Grail,1975,https://boxd.it/29GI
2019-05-02,Margaret,2011,https://boxd.it/2kbm
2019-05-03,Staying Vertical,2016,https://boxd.it/dfda
2019-05-03,Shazam!,2019,https://boxd.it/8WBu
2019-05-03,The Spy Who Dumped Me,2018,https://boxd.it/geEg
2019-05-03,Zama,2017,https://boxd.it/aDDq
2019-05-03,Fantastic Four,2005,https://boxd.it/1XVw
2019-05-03,King Arthur,2004,https://boxd.it/1YAa
2019-05-03,Climax,2018,https://boxd.it/ikvo
2019-05-04,Dragged Across Concrete,2018,https://boxd.it/fAly
2019-05-04,Blood Simple,1984,https://boxd.it/1U16
2019-05-05,Certified Copy,2010,https://boxd.it/IMW
2019-05-05,The Hunchback of Notre Dame,1996,https://boxd.it/1VZQ
2019-05-10,Hannah Arendt,2012,https://boxd.it/41I6
2019-05-11,Cléo from 5 to 7,1962,https://boxd.it/2agm
2019-05-12,Hard Target,1993,https://boxd.it/27Ck
2019-05-12,Everybody Knows,2018,https://boxd.it/e6AG
2019-05-12,Chocolat,2000,https://boxd.it/2aue
2019-05-13,"Sex, Lies, and Videotape",1989,https://boxd.it/28Oc
2019-05-13,Arctic,2018,https://boxd.it/gc1Q
2019-05-14,Avengers: Endgame,2019,https://boxd.it/9vE4
2019-05-16,The Elephant Man,1980,https://boxd.it/27LQ
2019-05-16,Black Girl,1966,https://boxd.it/3jIQ
2019-05-16,The Royal Tenenbaums,2001,https://boxd.it/1YHU
2019-05-18,Stranger Than Paradise,1984,https://boxd.it/2ajU
2019-05-18,Uncle Boonmee Who Can Recall His Past Lives,2010,https://boxd.it/168Q
2019-05-18,High Life,2018,https://boxd.it/d6bk
2019-05-18,Fighting with My Family,2019,https://boxd.it/fRyO
2019-05-18,The Hate U Give,2018,https://boxd.it/gQyg
2019-05-18,Modern Times,1936,https://boxd.it/25MC
2019-05-19,Triple Frontier,2019,https://boxd.it/dZUO
2019-05-24,Glass,2019,https://boxd.it/g3uO
2019-06-13,Three Colors: Blue,1993,https://boxd.it/2b7K
2019-06-13,Her Smell,2018,https://boxd.it/iT5q
2019-06-13,High Fidelity,2000,https://boxd.it/2aMW
2019-06-13,Chungking Express,1994,https://boxd.it/1UDa
2019-06-15,Wild at Heart,1990,https://boxd.it/2aii
2019-06-15,Buffalo '66,1998,https://boxd.it/1YC6
2019-06-15,Fish Tank,2009,https://boxd.it/1xBg
2019-06-15,Ikiru,1952,https://boxd.it/251c
2019-06-15,Pokémon Detective Pikachu,2019,https://boxd.it/fVA0
2019-08-03,Failure to Launch,2006,https://boxd.it/21lW
2019-12-08,Paths of Glory,1957,https://boxd.it/29b6
2019-12-08,John Wick: Chapter 3 - Parabellum,2019,https://boxd.it/gmFw
2019-12-08,The Great Dictator,1940,https://boxd.it/29ic
2019-12-08,A Simple Favor,2018,https://boxd.it/hq92
2019-12-08,Brick,2005,https://boxd.it/1Z6A
2019-12-08,Valhalla Rising,2009,https://boxd.it/17lc
2019-12-08,Vox Lux,2018,https://boxd.it/fcFk
2019-12-08,Girl,2018,https://boxd.it/iGU6
2019-12-08,Booksmart,2019,https://boxd.it/igNS
2019-12-09,Opening Night,1977,https://boxd.it/1f4e
2019-12-09,The Day He Arrives,2011,https://boxd.it/31L8
2019-12-09,Anatomy of a Murder,1959,https://boxd.it/2baa
2019-12-09,Badlands,1973,https://boxd.it/25Fm
2019-12-09,Rocketman,2019,https://boxd.it/iehK
2019-12-09,Captain Marvel,2019,https://boxd.it/9vSA
2019-12-09,Bad Times at the El Royale,2018,https://boxd.it/fSA2
2019-12-09,Yojimbo,1961,https://boxd.it/1SRY
2019-12-09,Raiders of the Lost Ark,1981,https://boxd.it/2bbs
2019-12-09,North by Northwest,1959,https://boxd.it/2aRM
2019-12-09,Computer Chess,2013,https://boxd.it/4Y1g
2019-12-09,Long Day's Journey Into Night,2018,https://boxd.it/hw1I
2019-12-09,Toy Story 4,2019,https://boxd.it/9ALu
2019-12-09,The Terminator,1984,https://boxd.it/2aQY
2019-12-09,The Souvenir,2019,https://boxd.it/gXU4
2019-12-10,American Psycho,2000,https://boxd.it/28Vs
2019-12-10,Secret Sunshine,2007,https://boxd.it/27CY
2019-12-10,The Dead Don't Die,2019,https://boxd.it/juZg
2019-12-10,The Farewell,2019,https://boxd.it/kIky
2019-12-10,The Last Black Man in San Francisco,2019,https://boxd.it/iWAw
2019-12-18,Once Upon a Time… in Hollywood,2019,https://boxd.it/gH0O
2019-12-18,Crimes and Misdemeanors,1989,https://boxd.it/1Ty4
2019-12-18,The Sword of Doom,1966,https://boxd.it/1EoS
2019-12-18,Aquaman,2018,https://boxd.it/9ru0
2019-12-18,Alita: Battle Angel,2019,https://boxd.it/e0rS
2019-12-19,Bacurau,2019,https://boxd.it/fSUG
2019-12-19,Godzilla: King of the Monsters,2019,https://boxd.it/cY7Y
2019-12-19,Hannah Gadsby: Nanette,2018,https://boxd.it/jfyE
2019-12-19,It Chapter Two,2019,https://boxd.it/h10u
2019-12-19,Ad Astra,2019,https://boxd.it/ePzI
2019-12-19,Midsommar,2019,https://boxd.it/jhxe
2019-12-19,The Breadwinner,2017,https://boxd.it/frLs
2019-12-19,Joker,2019,https://boxd.it/h4cS
2019-12-19,Yesterday,2019,https://boxd.it/iF7M
2019-12-19,"Where'd You Go, Bernadette",2019,https://boxd.it/efuC
2019-12-19,El Camino: A Breaking Bad Movie,2019,https://boxd.it/kv0q
2019-12-19,Parasite,2019,https://boxd.it/hTha
2019-12-20,Eraserhead,1977,https://boxd.it/299u
2019-12-20,Tramps,2016,https://boxd.it/ewLA
2019-12-20,Nocturama,2016,https://boxd.it/dfdk
2019-12-20,The Arbor,2010,https://boxd.it/isQ
2019-12-20,Hustlers,2019,https://boxd.it/jIBM
2019-12-20,The Irishman,2019,https://boxd.it/dYOq
2019-12-20,Ford v Ferrari,2019,https://boxd.it/ce74
2019-12-20,Knives Out,2019,https://boxd.it/jWEA
2019-12-21,The Report,2019,https://boxd.it/j2X2
2019-12-21,Marriage Story,2019,https://boxd.it/hJAw
2019-12-21,Thelma & Louise,1991,https://boxd.it/28Ew
2019-12-21,Match Point,2005,https://boxd.it/2b6s
2019-12-21,Tomboy,2011,https://boxd.it/49U
2019-12-21,"Aguirre, the Wrath of God",1972,https://boxd.it/27Fe
2019-12-21,Knocked Up,2007,https://boxd.it/23yS
2019-12-21,Fast & Furious Presents: Hobbs & Shaw,2019,https://boxd.it/dnDA
2019-12-23,Full Metal Jacket,1987,https://boxd.it/2a1Q
2019-12-23,I Lost My Body,2019,https://boxd.it/lAYs
2019-12-24,Atlantics,2019,https://boxd.it/hVEK
2019-12-24,"Black Coal, Thin Ice",2014,https://boxd.it/7xaw
2019-12-26,Star Wars: The Rise of Skywalker,2019,https://boxd.it/5xlK
2020-01-01,Son of Saul,2015,https://boxd.it/b6r4
2020-01-01,Leviathan,2012,https://boxd.it/4bBO
2020-01-01,Asako I & II,2018,https://boxd.it/hyNk
2020-01-05,Peterloo,2018,https://boxd.it/e02S
2020-01-06,La Jetée,1962,https://boxd.it/29Sk
2020-01-06,The Nightingale,2018,https://boxd.it/e1Ga
2020-01-13,Beanpole,2019,https://boxd.it/iK9S
2020-01-13,The Ballad of Narayama,1958,https://boxd.it/3SPW
2020-01-13,The Lighthouse,2019,https://boxd.it/icFU
2020-01-14,Fallen Angels,1995,https://boxd.it/1UkW
2020-01-14,Little Women,2019,https://boxd.it/aSVk
2020-01-14,Portrait of a Lady on Fire,2019,https://boxd.it/jkPq
2020-01-15,The Edge of Democracy,2019,https://boxd.it/kLiA
2020-01-16,My Life as a Zucchini,2016,https://boxd.it/dL2y
2020-01-29,Hunger,2008,https://boxd.it/1Wso
2020-01-30,A Beautiful Day in the Neighborhood,2019,https://boxd.it/i7vA
2020-02-03,Les Misérables,2019,https://boxd.it/lAPA
2020-02-03,Dark Star,1974,https://boxd.it/28Ow
2020-02-03,THX 1138,1971,https://boxd.it/29Ww
2020-02-03,1917,2019,https://boxd.it/jj4y
2020-02-04,Uncut Gems,2019,https://boxd.it/gXGc
2020-02-06,La Haine,1995,https://boxd.it/2as8
2020-02-06,The Killing,1956,https://boxd.it/2aMi
2020-02-06,Jojo Rabbit,2019,https://boxd.it/iEBG
2020-02-10,Klaus,2019,https://boxd.it/ipoi
2020-02-17,Hair Love,2019,https://boxd.it/lI1I
2020-03-23,Adaptation.,2002,https://boxd.it/26mA
2020-09-07,Alice Doesn't Live Here Anymore,1974,https://boxd.it/1KIa
2020-09-07,Taxi Driver,1976,https://boxd.it/2b8y
2020-09-08,Escape from New York,1981,https://boxd.it/294k
2020-09-08,American Gigolo,1980,https://boxd.it/26l8
2020-09-08,Light of My Life,2019,https://boxd.it/fGxK
2020-09-08,Jerry Maguire,1996,https://boxd.it/1YNS
2020-09-08,Fantastic Mr. Fox,2009,https://boxd.it/1WyQ
2020-09-08,Following,1998,https://boxd.it/1Tj4
2020-09-08,Bombshell,2019,https://boxd.it/j5YC
2020-09-08,Caché,2005,https://boxd.it/2amY
2020-09-08,The Thin Blue Line,1988,https://boxd.it/1OnK
2020-09-08,The Invisible Man,2020,https://boxd.it/kWlA
2020-09-14,Under the Shadow,2016,https://boxd.it/d1uG
2020-11-26,Sisters of the Gion,1936,https://boxd.it/2AC4
2020-11-26,Transit,2018,https://boxd.it/gUK6
2020-11-26,Ash Is Purest White,2018,https://boxd.it/fH5C
2020-11-26,Castle in the Sky,1986,https://boxd.it/1W4G
2020-11-26,The Duke of Burgundy,2014,https://boxd.it/7kwu
2020-11-26,The River Fuefuki,1960,https://boxd.it/6vEs
2020-11-26,Elle,2016,https://boxd.it/bdhq
2020-11-26,Heavenly Creatures,1994,https://boxd.it/2974
2020-11-26,Dark Waters,2019,https://boxd.it/kaYu
2020-11-26,Take Shelter,2011,https://boxd.it/DQ
2020-11-26,Twenty-Four Eyes,1954,https://boxd.it/UJA
2020-11-26,Hold the Dark,2018,https://boxd.it/dQPg
2020-11-26,The Deep Blue Sea,2011,https://boxd.it/A4C
2020-11-26,"One, Two, Three",1961,https://boxd.it/2ap4
2020-11-26,Dogtooth,2009,https://boxd.it/158K
2020-11-26,Moonrise Kingdom,2012,https://boxd.it/2Wng
2020-11-26,Margin Call,2011,https://boxd.it/CJ8
2020-11-26,The Spanish Prisoner,1997,https://boxd.it/1nZW
2020-11-26,Underwater,2020,https://boxd.it/fN4q
2020-11-26,One Cut of the Dead,2017,https://boxd.it/iAFu
2020-11-26,The Piano Teacher,2001,https://boxd.it/2886
2020-11-26,Onward,2020,https://boxd.it/io92
2020-11-26,Redline,2009,https://boxd.it/2pQ0
2020-11-26,Sergio,2020,https://boxd.it/oiQ2
2020-11-26,Blue Collar,1978,https://boxd.it/1Nhm
2020-11-26,Good Bye Lenin!,2003,https://boxd.it/2ayA
2020-11-26,Crimson Peak,2015,https://boxd.it/62Ty
2020-11-26,"Kumiko, the Treasure Hunter",2014,https://boxd.it/7bqC
2020-11-26,Porco Rosso,1992,https://boxd.it/1Tp2
2020-11-26,The Limey,1999,https://boxd.it/1Woc
2020-11-26,Just Heroes,1989,https://boxd.it/2Bmm
2020-11-26,Douglas,1970,https://boxd.it/4ZOo
2020-11-26,The Remains of the Day,1993,https://boxd.it/291A
2020-11-26,The Hours,2002,https://boxd.it/2a3s
2020-11-26,Dead Calm,1989,https://boxd.it/1W7K
2020-11-26,Da 5 Bloods,2020,https://boxd.it/lnXw
2020-11-26,Twenty Years Later,1984,https://boxd.it/33Oo
2020-11-26,The Old Guard,2020,https://boxd.it/jY2e
2020-11-26,Mucho Mucho Amor: The Legend of Walter Mercado,2020,https://boxd.it/oiPo
2020-11-26,Greyhound,2020,https://boxd.it/iIaE
2020-11-26,Casa Grande,2014,https://boxd.it/81AO
2020-11-26,Miami Vice,2006,https://boxd.it/2bbW
2020-11-26,An Easy Girl,2019,https://boxd.it/l8fk
2020-11-26,Divine Love,2019,https://boxd.it/iegC
2020-11-26,Halloween,1978,https://boxd.it/2wRu
2020-11-26,Narcissus Off Duty,2020,https://boxd.it/rixg
2020-11-26,I'm Thinking of Ending Things,2020,https://boxd.it/i4IQ
2020-11-26,The Devil All the Time,2020,https://boxd.it/i2tY
2020-11-26,Dick Johnson Is Dead,2020,https://boxd.it/oigy
2020-11-26,Paddleton,2019,https://boxd.it/j4YQ
2020-11-26,The Trial of the Chicago 7,2020,https://boxd.it/kn3w
2020-11-26,Tenet,2020,https://boxd.it/leq4
2020-11-26,Birds of Prey (and the Fantabulous Emancipation of One Harley Quinn),2020,https://boxd.it/hSyO
2020-11-26,Psycho,1960,https://boxd.it/2ab2
2020-11-26,Joint Security Area,2000,https://boxd.it/26Ja
2020-11-26,Barking Dogs Never Bite,2000,https://boxd.it/1BLa
2020-11-26,The Player,1992,https://boxd.it/1WlM
2020-11-26,Nowhere to Hide,1999,https://boxd.it/1vmS
2020-11-26,Water Lilies,2007,https://boxd.it/1VjK
2020-11-26,Mulan,2020,https://boxd.it/bbK6
2020-11-27,Mank,2020,https://boxd.it/mIuC
2020-11-29,Mangrove,2020,https://boxd.it/qEAa
2020-12-06,Girlhood,2014,https://boxd.it/7WyI
2020-12-06,The Quiet Family,1998,https://boxd.it/2Bes
2020-12-12,The Ascent,1977,https://boxd.it/Eew
2020-12-12,Yentl,1983,https://boxd.it/1WFs
2020-12-14,Lovers Rock,2020,https://boxd.it/qEAk
2020-12-25,Emicida: AmarElo - It's All for Yesterday,2020,https://boxd.it/sLK6
2020-12-25,"Red, White and Blue",2020,https://boxd.it/siQE
2020-12-25,First Cow,2019,https://boxd.it/krga
2020-12-25,Ma Rainey's Black Bottom,2020,https://boxd.it/mLcm
2020-12-25,Christine,2016,https://boxd.it/bhFm
2020-12-26,Soul,2020,https://boxd.it/ioLA
2020-12-27,A Christmas Tale,2008,https://boxd.it/1ZEs
2020-12-27,Alex Wheatle,2020,https://boxd.it/sff6
2020-12-27,House of Games,1987,https://boxd.it/1tji
2020-12-28,Another Round,2020,https://boxd.it/lkba
2020-12-29,Standard Operating Procedure,2008,https://boxd.it/1ZLe
2020-12-29,The Vast of Night,2019,https://boxd.it/kJyc
2020-12-30,Never Rarely Sometimes Always,2020,https://boxd.it/lWJk
2020-12-31,Sound of Metal,2019,https://boxd.it/i7Q4
2020-12-31,Hard Boiled,1992,https://boxd.it/1T6a
2021-01-01,Hannah Gadsby: Douglas,2020,https://boxd.it/nHni
2021-01-02,The Last Stand,2013,https://boxd.it/2Eao
2021-01-02,The Man Who Copied,2003,https://boxd.it/10Rg
2021-01-02,My Uncle Killed a Guy,2004,https://boxd.it/2GVw
2021-01-03,Basic Sanitation: The Movie,2007,https://boxd.it/1oC
2021-01-03,Education,2020,https://boxd.it/sTpK
2021-01-03,The Woman Who Ran,2020,https://boxd.it/oEEi
2021-01-04,Possessor,2020,https://boxd.it/fsJW
2021-01-05,Unstoppable,2010,https://boxd.it/SVO
2021-01-10,Brazil,1985,https://boxd.it/2be2
2021-01-11,Naked,1993,https://boxd.it/1BT4
2021-01-11,Videodrome,1983,https://boxd.it/29uC
2021-01-15,Lupin the Third: The Castle of Cagliostro,1979,https://boxd.it/1Mn4
2021-01-18,The Call,2020,https://boxd.it/l94W
2021-01-24,They Live,1988,https://boxd.it/20lm
2021-01-24,The Wild Bunch,1969,https://boxd.it/2a5y
2021-01-26,The Assistant,2019,https://boxd.it/neWo
2021-01-31,Swallow,2019,https://boxd.it/lA0i
2021-02-07,One Night in Miami...,2020,https://boxd.it/oCUo
2021-02-07,The Night of the Hunter,1955,https://boxd.it/25HW
2021-02-08,Atonement,2007,https://boxd.it/24ui
2021-02-08,The Guilty,2018,https://boxd.it/hw9i
2021-02-12,The Green Fog,2017,https://boxd.it/fW4a
2021-02-14,Malcolm X,1992,https://boxd.it/27WE
2021-02-15,Public Speaking,2010,https://boxd.it/toU
2021-02-15,Space Sweepers,2021,https://boxd.it/lnnI
2021-02-15,Judas and the Black Messiah,2021,https://boxd.it/lsew
2021-02-22,Promising Young Woman,2020,https://boxd.it/loRE
2021-02-22,Wolfwalkers,2020,https://boxd.it/fGrC
2021-02-23,I Care a Lot,2020,https://boxd.it/mcHk
2021-02-26,But I'm a Cheerleader,1999,https://boxd.it/1CW4
2021-02-28,Days of Heaven,1978,https://boxd.it/1JRg
2021-03-02,Minari,2020,https://boxd.it/mL9M
2021-03-08,Assault on Precinct 13,1976,https://boxd.it/1I2c
2021-03-08,Shithouse,2020,https://boxd.it/nCFc
2021-03-15,Universal Soldier: Day of Reckoning,2012,https://boxd.it/433O
2021-03-22,The 400 Blows,1959,https://boxd.it/2b1C
2021-03-22,Nomadland,2020,https://boxd.it/lnRy
2021-03-30,Blackhat,2015,https://boxd.it/62Te
2021-04-03,Down with Love,2003,https://boxd.it/1VyA
2021-04-03,Godzilla vs. Kong,2021,https://boxd.it/e0qK
2021-04-04,The White Tiger,2021,https://boxd.it/nhg6
2021-04-05,Good Morning,1959,https://boxd.it/2lkk
2021-04-09,Pieces of a Woman,2020,https://boxd.it/nOrQ
2021-04-13,Humpday,2009,https://boxd.it/1ySC
2021-04-13,Allied,2016,https://boxd.it/cP42
2021-04-25,Nobody,2021,https://boxd.it/mLqS
2021-05-17,Below Zero,2021,https://boxd.it/lDY6
2021-05-17,The Mitchells vs. The Machines,2021,https://boxd.it/i7xm
2021-05-17,They Don't Wear Black Tie,1981,https://boxd.it/66nQ
2021-05-17,La Cérémonie,1995,https://boxd.it/287C
2021-05-17,The Informer,2019,https://boxd.it/gGJI
2021-05-17,Steve Jobs,2015,https://boxd.it/araG
2021-05-17,The Father,2020,https://boxd.it/m8Ie
2021-05-22,"Quo vadis, Aida?",2020,https://boxd.it/riws
2021-05-22,Bound,1996,https://boxd.it/1Z1g
2021-05-22,The Nest,2020,https://boxd.it/jTqq
2021-05-23,Army of the Dead,2021,https://boxd.it/ic7S
2021-06-01,The Distinguished Citizen,2016,https://boxd.it/enGc
2021-07-03,Bo Burnham: Inside,2021,https://boxd.it/v2uy
2021-07-03,"Faster, Pussycat! Kill! Kill!",1965,https://boxd.it/2aBO
2021-07-03,Bridesmaids,2011,https://boxd.it/rac
2021-07-03,I Live in Fear,1955,https://boxd.it/1BOo
2021-07-03,Luca,2021,https://boxd.it/ipjC
2021-07-03,Wrath of Man,2021,https://boxd.it/nEia
2021-07-03,Run,2020,https://boxd.it/jVM4
2021-07-03,The Invisible Guest,2016,https://boxd.it/euce
2021-07-03,The Kids Are All Right,2010,https://boxd.it/13f0
2021-07-03,Dersu Uzala,1975,https://boxd.it/1XRO
2021-07-03,A Quiet Place Part II,2020,https://boxd.it/iTx0
2021-07-04,The Tomorrow War,2021,https://boxd.it/lE78
2021-07-08,Dawn of the Dead,2004,https://boxd.it/29gK
2021-07-08,No Sudden Move,2021,https://boxd.it/o7WS
2021-07-14,Blow Out,1981,https://boxd.it/1TlE
2021-07-14,The Gift,2015,https://boxd.it/aJMy
2021-07-24,Those Who Wish Me Dead,2021,https://boxd.it/lgeu
2021-10-08,Sleepy Hollow,1999,https://boxd.it/26u0
2021-11-29,Tangled,2010,https://boxd.it/15gO
2021-11-29,Best in Show,2000,https://boxd.it/1Pqq
2021-11-29,The Swordsman,2020,https://boxd.it/hJhE
2021-11-29,F9,2021,https://boxd.it/dqsU
2021-11-29,Fast & Furious,2009,https://boxd.it/1Pnm
2021-11-29,Safe,1995,https://boxd.it/1gKU
2021-11-29,Old,2021,https://boxd.it/npKI
2021-11-29,The Fog,1980,https://boxd.it/29Cc
2021-11-29,Moonstruck,1987,https://boxd.it/27zg
2021-11-29,The Suicide Squad,2021,https://boxd.it/fw6O
2021-11-29,Flowers of Shanghai,1998,https://boxd.it/Omq
2021-11-29,25th Hour,2002,https://boxd.it/28LC
2021-11-29,Malignant,2021,https://boxd.it/mViE
2021-11-29,After Hours,1985,https://boxd.it/1VfS
2021-11-29,Shang-Chi and the Legend of the Ten Rings,2021,https://boxd.it/kLDI
2021-11-29,Cure,1997,https://boxd.it/1blA
2021-11-29,In the Cut,2003,https://boxd.it/1V12
2021-11-29,No Time to Die,2021,https://boxd.it/cPX2
2021-11-29,The Counselor,2013,https://boxd.it/3G6K
2021-11-29,Baghdad in My Shadow,2019,https://boxd.it/hB1y
2021-11-29,The Last Duel,2021,https://boxd.it/mQbe
2021-11-29,Dune,2021,https://boxd.it/fA7G
2021-11-29,Ace in the Hole,1951,https://boxd.it/1vXk
2021-11-29,Jennifer's Body,2009,https://boxd.it/1Efw
2021-11-29,Marighella,2019,https://boxd.it/i3RC
2021-11-29,Ema,2019,https://boxd.it/jHWa
2021-11-29,Venom: Let There Be Carnage,2021,https://boxd.it/llco
2021-11-29,7 Prisoners,2021,https://boxd.it/txOU
2021-11-29,The Card Counter,2021,https://boxd.it/nTH0
2021-11-29,Last Night in Soho,2021,https://boxd.it/lbJC
2021-11-29,Passing,2021,https://boxd.it/jKdM
2021-12-01,House of Gucci,2021,https://boxd.it/nVkC
2021-12-02,Sidereal,2021,https://boxd.it/vLSK
2021-12-02,The French Dispatch,2021,https://boxd.it/jLP8
2021-12-05,"Paris, 13th District",2021,https://boxd.it/s0Ky
2021-12-07,Pig,2021,https://boxd.it/nzoW
2021-12-07,A Tale of Love and Desire,2021,https://boxd.it/uVsU
2021-12-13,West Side Story,1961,https://boxd.it/28dK
2021-12-13,The Piano,1993,https://boxd.it/29Kq
2021-12-14,Shiva Baby,2020,https://boxd.it/oIv0
2021-12-19,The Legend of Hei,2019,https://boxd.it/mWC6
2021-12-23,The Red Balloon,1956,https://boxd.it/1Mxo
2021-12-23,Raya and the Last Dragon,2021,https://boxd.it/jbkI
2021-12-24,The Matrix Resurrections,2021,https://boxd.it/n87k
2021-12-28,Stillwater,2021,https://boxd.it/mNPq
2021-12-31,The Woman in the Window,2021,https://boxd.it/iT56
2022-01-04,I'm Your Man,2021,https://boxd.it/tWcG
2022-01-05,Annette,2021,https://boxd.it/f0RS
2022-01-07,Evangelion: 1.0 You Are (Not) Alone,2007,https://boxd.it/1MKi
2022-01-07,Evangelion: 2.0 You Can (Not) Advance,2009,https://boxd.it/1zYm
2022-01-07,The Harder They Fall,2021,https://boxd.it/mRCU
2022-01-07,Nimic,2019,https://boxd.it/n10Q
2022-01-07,The Power of the Dog,2021,https://boxd.it/m99E
2022-01-08,A Team of Two,2021,https://boxd.it/w2pK
2022-01-10,The Lost Daughter,2021,https://boxd.it/kgww
2022-01-10,Jupiter Ascending,2015,https://boxd.it/2Evm
2022-01-10,Mean Girls,2004,https://boxd.it/1VNg
2022-01-12,Wheel of Fortune and Fantasy,2021,https://boxd.it/tWcm
2022-01-16,Duel,1971,https://boxd.it/29ui
2022-01-16,Three Outlaw Samurai,1964,https://boxd.it/jni
2022-01-17,Hard Eight,1996,https://boxd.it/20DU
2022-01-17,The Green Knight,2021,https://boxd.it/kuy2
2022-01-18,Encanto,2021,https://boxd.it/kPRu
2022-01-24,Pulse,2001,https://boxd.it/1s3y
2022-01-31,Heist,2001,https://boxd.it/1UFA
2022-01-31,Benedetta,2021,https://boxd.it/gdNQ
2022-02-07,The Way Back,2020,https://boxd.it/jfoO
2022-02-13,Red Rocket,2021,https://boxd.it/sGpi
2022-02-14,Manhunter,1986,https://boxd.it/1TOw
2022-02-14,Spencer,2021,https://boxd.it/qPMG
2022-02-17,Parallel Mothers,2021,https://boxd.it/sOP4
